Date,Open,High,Low,Close,Volume,MarketCap
5/2/2018,107.58,108.97,75.75,82.37,312096000,6992380000
4/2/2018,122.22,124.01,102.03,107.45,203674000,7943970000
3/2/2018,121.03,127.28,106.91,122.97,255707000,7867210000
2/2/2018,125.64,129.19,91.96,120.13,552639000,8166710000
1/2/2018,145.96,147.16,115.27,126,356495000,9487200000
31/1/2018,145.4,148.18,133.32,145.76,357309000,9451090000
30/1/2018,168.86,173.75,140.13,146.28,670295000,10976100000
29/1/2018,152.08,168.14,151.46,168.14,602514000,9885260000
28/1/2018,140.37,153.61,140.37,152.16,246175000,9124100000
27/1/2018,138.14,142.07,134.35,140.2,207868000,8979150000
26/1/2018,137.75,141.13,126.53,137.89,324067000,8953600000
25/1/2018,138.09,146.94,134.58,138,315010000,8976150000
24/1/2018,122.57,144.12,118.15,136.41,433360000,7966980000
23/1/2018,123.37,129.71,110.18,121.6,263389000,8018770000
22/1/2018,132.3,137.78,112.38,123.66,346611000,8599480000
21/1/2018,150.23,150.23,126.2,131.09,346048000,9764800000
20/1/2018,140.49,157.19,138.65,149.94,501671000,9132020000
19/1/2018,141.25,150.15,132.97,139.5,494800000,9181130000
18/1/2018,142.6,159.49,129.85,142.66,838634000,9269200000
17/1/2018,144.72,154.29,94.57,141.37,1587920000,9407150000
16/1/2018,187.97,187.97,104.29,145.3,1664430000,12217900000
15/1/2018,170.1,196.85,147.4,187.41,1455620000,11056500000
14/1/2018,140.56,176.83,135.92,170.42,648694000,9136460000
13/1/2018,124.15,146.51,124.15,140.62,455703000,8069500000
12/1/2018,109.19,126.55,105.25,124.47,234757000,7097050000
11/1/2018,123.1,124.33,102.66,108.3,270718000,8001780000
10/1/2018,127.23,127.26,111.05,122.99,361797000,8270280000
9/1/2018,102.07,129.87,101.84,126.94,529663000,6634310000
8/1/2018,102.12,108.6,90.68,102.38,231395000,6638000000
7/1/2018,101.12,108.52,99.2,102.43,196621000,6572870000
6/1/2018,95.31,103.13,91.9,100.86,187746000,6195060000
5/1/2018,98.91,106.24,89.58,95.28,292933000,6429220000
4/1/2018,104.79,109.2,96.24,99.11,332546000,6811420000
3/1/2018,90.3,105.56,86.89,105.56,288086000,5869250000
2/1/2018,78.53,97.01,78.53,90.33,373377000,5104180000
1/1/2018,76.19,80.69,72.72,78.82,142094000,4952450000
31/12/2017,72.56,78.01,67.69,75.96,181357000,4716090000
30/12/2017,74.18,74.54,63.02,72.4,202377000,4821840000
29/12/2017,65.7,74.82,63.14,73.9,163331000,4270520000
28/12/2017,66.76,66.94,58.22,65.43,135592000,4339530000
27/12/2017,65.53,70.29,62.88,66.88,153715000,4259210000
26/12/2017,66.61,68.8,61.86,65.52,195466000,4329390000
25/12/2017,60.27,68.37,58.39,66.32,170538000,3917400000
24/12/2017,59.32,59.97,51.84,59.7,160158000,3855900000
23/12/2017,56.32,67.75,56.32,58.9,146282000,3660710000
22/12/2017,71.54,72.28,43.39,55.57,297579000,4650220000
21/12/2017,76.12,79.04,67.49,71.37,225272000,4948010000
20/12/2017,71.31,77.5,63.1,75.62,305912000,4634920000
19/12/2017,77.19,82.1,66.59,70.81,290083000,5017420000
18/12/2017,68.45,81.06,63.96,77.22,437849000,4449540000
17/12/2017,49.74,71.72,49.74,68.11,500799000,3233120000
16/12/2017,48.14,52.26,46.93,49.81,164723000,3129270000
15/12/2017,50.54,51.24,43.13,47.99,204065000,3285020000
14/12/2017,44.9,53.65,44.4,50.62,313147000,2918700000
13/12/2017,40.73,49.07,37.49,44.81,294500000,2647620000
12/12/2017,36.22,41.28,35.32,40.41,132796000,2354370000
11/12/2017,33.32,36.57,33.32,35.88,77323800,2165750000
10/12/2017,35.79,35.79,32.51,33.31,72133600,2326550000
9/12/2017,35.96,38.98,34.87,35.71,93255300,2337250000
8/12/2017,34.84,37.38,32.36,36.27,125450000,2264560000
7/12/2017,35.04,37.26,33.31,34.86,125301000,2277340000
6/12/2017,38.75,38.85,34.4,35.16,118745000,2518460000
5/12/2017,41.99,42.79,38.82,38.82,101480000,2729160000
4/12/2017,36.65,43,36.62,42.17,160430000,2382160000
3/12/2017,35.09,39.52,35.03,36.62,79801700,2281180000
2/12/2017,35.84,36.61,34.51,35.07,48991700,2329690000
1/12/2017,32.89,36.23,31.36,35.84,89359700,2137790000
30/11/2017,32.54,34.98,30.09,32.96,78895100,2115360000
29/11/2017,37.99,39.44,31.23,32.28,137123000,2469340000
28/11/2017,40.13,40.13,37.47,38.08,80129000,2608660000
27/11/2017,38.32,41.91,38.32,40.13,83345900,2491020000
26/11/2017,38.04,39.2,37.49,38.44,61597700,2472680000
25/11/2017,34.83,39.86,34.6,38.13,125113000,2263690000
24/11/2017,34.89,35.7,33.46,34.79,68977700,2267940000
23/11/2017,35.83,36.29,34.5,34.9,68917800,2329200000
22/11/2017,34.45,36.98,34.45,35.86,82378800,2239040000
21/11/2017,36.21,37.16,33.38,34.36,133333000,2353570000
20/11/2017,39.94,43.14,35.64,35.64,243906000,2596080000
19/11/2017,43.01,45.45,36.66,39.75,273035000,2795440000
18/11/2017,39.74,48.09,36.28,42.74,434827000,2583010000
17/11/2017,28.71,41.08,28.36,40.5,252834000,1866360000
16/11/2017,29.45,29.93,28.48,28.7,40895700,1913970000
15/11/2017,29.79,30.59,28.26,29.35,45103700,1936170000
14/11/2017,28.4,29.96,28.1,29.73,39436300,1845750000
13/11/2017,27.12,28.97,26.59,28.4,41299400,1762620000
12/11/2017,28.44,28.45,25.31,26.96,63588200,1848580000
11/11/2017,28.15,29.93,27.4,28.53,45994100,1829610000
10/11/2017,31.97,32.44,26.74,28.18,57756900,2078110000
9/11/2017,30.76,33.02,30.58,31.9,79919300,1999530000
8/11/2017,26.17,33.81,26.02,30.67,120273000,1700950000
7/11/2017,26.26,26.52,25.62,26.23,40146900,1706600000
6/11/2017,26.47,26.81,25.95,26.32,26798400,1720760000
5/11/2017,26.48,26.72,25.79,26.38,25229700,1721090000
4/11/2017,26.77,27.74,25.94,26.49,31870600,1739980000
3/11/2017,24.6,26.9,24.39,26.82,40142100,1598960000
2/11/2017,26.75,26.75,22.89,24.5,74455200,1738720000
1/11/2017,28.38,28.44,26.68,26.86,49782800,1844740000
31/10/2017,28.69,30.44,28.47,28.47,61688400,1864890000
30/10/2017,27.72,29.49,27.71,28.79,30968500,1801620000
29/10/2017,27.2,28.61,27.2,27.76,29736500,1360230000
28/10/2017,28.86,28.99,27.17,27.35,25368200,1443000000
27/10/2017,28.33,28.88,28.1,28.76,28919000,1416350000
26/10/2017,28.48,29.39,28.06,28.33,35987900,1423950000
25/10/2017,30.11,30.11,28.54,28.54,35558400,1505590000
24/10/2017,27.34,32.72,26.73,30.15,78225600,1367240000
23/10/2017,28.49,28.65,26.43,27.51,28154800,1424610000
22/10/2017,27.15,29.48,27.1,28.79,36184100,1357500000
21/10/2017,27.76,28.28,26.04,27.13,34058900,1387840000
20/10/2017,28.68,29.5,27.73,27.75,36933700,1433880000
19/10/2017,29.66,29.96,28.48,28.66,30401400,1482970000
18/10/2017,31.66,31.78,28.44,29.67,49659700,1583190000
17/10/2017,28.5,32.55,27.81,31.4,74210000,1425090000
16/10/2017,27.76,29.07,26.96,28.53,34713200,1388080000
15/10/2017,27.65,28.47,26.91,27.73,31189200,1382450000
14/10/2017,29.32,29.45,27.65,27.8,33551100,1465980000
13/10/2017,27.85,29.87,26.45,29.35,81365000,1392660000
12/10/2017,30.01,30.36,27.61,28.18,61080400,1500520000
11/10/2017,29.3,31.23,29.3,29.96,33627700,1464940000
10/10/2017,29.15,31.2,28.07,29.31,48223600,1457270000
9/10/2017,32.04,32.79,26.78,29.1,98290300,1601800000
8/10/2017,35.64,37.23,31.01,32.07,107725000,1781810000
7/10/2017,33.54,36.15,33.3,36.14,48058800,1677000000
6/10/2017,32.5,34.32,32.23,33.52,47267100,1625060000
5/10/2017,31.21,33.31,28.98,32.28,66785000,1560680000
4/10/2017,33.79,35.03,30.09,31.16,60565900,1689390000
3/10/2017,36.65,36.79,32.01,33.61,74199600,1832530000
2/10/2017,35.7,39.01,34.9,36.74,116098000,1785160000
1/10/2017,34.12,35.83,31.82,35.72,72169500,1705880000
30/9/2017,28.59,34.24,28.45,34.21,82181600,1429500000
29/9/2017,30.25,30.41,26.13,28.64,72558300,1512530000
28/9/2017,31.78,32.69,27.68,29.76,101195000,1589170000
27/9/2017,26.32,34.03,26.32,31.79,163163000,1316040000
26/9/2017,26.12,27.3,24.46,26.38,65868600,1305990000
25/9/2017,19.8,27.08,19.8,26.02,81225500,989892000
24/9/2017,20.17,20.43,19.28,19.79,11967200,1008660000
23/9/2017,18.58,20.59,18.3,20.18,17216800,929086000
22/9/2017,17.39,19.32,16.98,18.69,22480200,869657000
21/9/2017,19.65,19.82,16.75,17.45,21587400,982515000
20/9/2017,19.9,20.47,19.69,19.75,14058200,995012000
19/9/2017,20.99,21.71,19.04,19.94,30451900,1049420000
18/9/2017,19.91,21.38,19.54,21.22,27647600,995579000
17/9/2017,20.64,20.64,18.36,19.86,18695100,1031920000
16/9/2017,18.75,22.98,18.5,20.76,50210000,937288000
15/9/2017,15.81,19.12,13.32,18.74,50811700,790612000
14/9/2017,20.08,20.75,14.95,15.69,42221500,1004180000
13/9/2017,20.83,21.29,17.8,20.06,37258400,1041450000
12/9/2017,21.87,23.6,19.86,20.97,40702300,1093590000
11/9/2017,22.68,23.97,21.7,21.88,27835300,1133790000
10/9/2017,21.76,23.64,19.37,22.75,54002500,1088180000
9/9/2017,24.63,24.63,21.55,21.96,47199500,1231580000
8/9/2017,30.59,30.59,22.41,24.86,112252000,1529630000
7/9/2017,21.3,33.55,20.54,30.78,214001000,1065110000
6/9/2017,22.97,24.32,20.3,21.36,77746300,1148320000
5/9/2017,21.88,23.85,18.93,22.8,91402300,1093860000
4/9/2017,30.44,30.44,17.4,21.83,189917000,1522090000
3/9/2017,31.77,32.65,28.58,30.32,43232300,1588690000
2/9/2017,31.69,34.81,28.55,31.72,92722600,1584390000
1/9/2017,33.17,33.57,28.87,32.01,75418900,1658680000
31/8/2017,32.93,35.09,32.6,33.16,49957300,1646720000
30/8/2017,33.48,35.84,29.71,33.1,97289600,1673910000
29/8/2017,38.46,38.46,30.69,33.66,168534000,1922840000
28/8/2017,40.23,40.31,37.38,38.45,41401000,2011600000
27/8/2017,38.58,41.23,37.42,40.09,50649600,1928770000
26/8/2017,40.31,40.52,37.7,38.59,41017800,2015360000
25/8/2017,41.96,42.26,39.78,40.3,47772200,2098230000
24/8/2017,39.92,42.13,39.31,42.05,63875500,1996230000
23/8/2017,35.83,44.03,35.25,40,131763000,1791670000
22/8/2017,35.16,36.17,31.6,35.85,68265300,1758180000
21/8/2017,38.04,38.28,34.15,35.3,85955000,1902060000
20/8/2017,39.63,40.65,38.16,38.19,85862200,1981640000
19/8/2017,38.86,42.22,35.4,39.97,168358000,1943180000
18/8/2017,40.85,41.16,31.32,38.85,209845000,2042450000
17/8/2017,45.72,46.34,38.91,40.69,191410000,2286130000
16/8/2017,46.98,51.24,44.69,45.54,170273000,2349050000
15/8/2017,47.5,47.99,39.52,47.49,262801000,2375010000
14/8/2017,47.63,52.02,44.79,47.43,343705000,2381360000
13/8/2017,36.86,52.63,35.32,46.65,448654000,1843040000
12/8/2017,33.16,37.37,30.45,36.61,177772000,1657810000
11/8/2017,36.32,39.13,27.58,33.5,382070000,1815780000
10/8/2017,21.68,38.44,21.36,36.18,360125000,1084180000
9/8/2017,18.34,21.94,17.46,21.75,116795000,917009000
8/8/2017,18.73,19.34,15.59,18.27,124589000,936705000
7/8/2017,15.2,20.24,14.36,18.68,166514000,759959000
6/8/2017,14.17,16.19,13.42,15.21,81450800,708471000
5/8/2017,10.39,14.95,10.24,14.02,82680400,519506000
4/8/2017,10.84,11.22,9.97,10.43,56285500,541832000
3/8/2017,8.19,10.7,8.06,10.67,49848800,409434000
2/8/2017,7.85,8.3,7.71,8.11,17559000,392732000
1/8/2017,7.36,8.2,6.96,7.86,18527900,368123000
31/7/2017,7.16,7.43,7.02,7.33,10856600,358222000
30/7/2017,7.27,7.3,6.94,7.15,9006030,363345000
29/7/2017,7.09,7.46,6.76,7.26,10518400,354258000
28/7/2017,7.75,7.88,6.93,7.09,15725800,387410000
27/7/2017,7.22,7.94,7.13,7.72,15251100,360772000
26/7/2017,7.33,7.59,6.58,7.17,16765600,366562000
25/7/2017,8.48,8.48,6.88,7.35,19480400,423876000
24/7/2017,8.61,8.81,8.19,8.46,21283700,430471000
23/7/2017,8.64,8.93,7.76,8.57,29915100,431881000
22/7/2017,7.39,9.12,7.31,8.62,32890800,369727000
21/7/2017,7.24,7.97,7.03,7.42,21298000,361826000
20/7/2017,5.89,7.47,5.89,7.21,25476100,294317000
19/7/2017,6.04,6.23,5.65,5.88,14255500,301935000
18/7/2017,5.77,6.29,5.51,6.02,18101700,288470000
17/7/2017,5.06,5.85,5.03,5.77,15013000,253054000
16/7/2017,5.03,5.27,4.83,5.04,9498420,251399000
15/7/2017,5.55,5.55,4.98,5.03,11294200,277400000
14/7/2017,6.27,6.29,5.42,5.54,12351000,313433000
13/7/2017,6.68,6.95,5.91,6.29,17824000,334240000
12/7/2017,5.31,6.69,5.07,6.63,23337300,265564000
11/7/2017,5.93,6.11,4.83,5.4,20182900,296309000
10/7/2017,6.91,6.96,5.58,6.03,11395300,345719000
9/7/2017,7.4,7.62,6.87,6.9,10422500,370072000
8/7/2017,6.79,7.63,5.91,7.45,24138500,339382000
7/7/2017,7.83,7.89,6.74,6.77,16409500,391569000
6/7/2017,7.98,8.34,7.69,7.84,17932500,399093000
5/7/2017,7.77,8.66,7.23,8.03,29368100,388453000
4/7/2017,8.22,8.49,7.77,7.78,15781600,410831000
3/7/2017,8.06,8.48,7.52,8.22,28820400,402786000
2/7/2017,7.96,8.51,6.75,8.1,47478700,397988000
1/7/2017,8.77,9.24,7.74,7.95,33128400,438293000
30/6/2017,9.72,10,8.6,8.73,43355500,485988000
29/6/2017,8.34,10.07,7.91,9.77,77050000,416970000
28/6/2017,6.96,8.69,6.49,8.38,72982300,347826000
27/6/2017,5.35,7.26,5.09,6.83,71029700,267538000
26/6/2017,5.95,6.22,4.42,5.53,27615900,297587000
25/6/2017,6.29,6.46,5.66,5.95,24890900,314543000
24/6/2017,6.87,7.11,6.25,6.3,33359500,343738000
23/6/2017,6.92,7.43,5.78,6.84,67033300,346025000
22/6/2017,10.16,10.51,6.9,6.94,115249000,507921000
21/6/2017,8.04,10.21,7.81,10.15,88374400,401956000
20/6/2017,11.79,11.79,7.87,8,126661000,589390000
19/6/2017,5.46,11.81,5.46,11.72,281341000,273011000
18/6/2017,3.79,5.26,3.47,5.26,61381000,189717000
17/6/2017,2.8,4.18,2.7,3.76,82601000,139894000
16/6/2017,1.8,2.81,1.72,2.77,45782200,90202000
15/6/2017,1.74,1.84,1.54,1.78,9550940,86947000
14/6/2017,1.81,1.94,1.68,1.74,10497200,90657000
13/6/2017,1.5,1.86,1.5,1.81,10456500,75221500
12/6/2017,1.67,1.69,1.4,1.51,7492490,83716000
11/6/2017,1.69,1.73,1.52,1.67,6479410,84426000
10/6/2017,1.54,2.07,1.53,1.68,17295300,77129000
9/6/2017,1.36,1.59,1.33,1.55,9728020,67874000
8/6/2017,1.27,1.36,1.19,1.36,7118290,63677000
7/6/2017,1.34,1.36,1.27,1.28,2994510,66929500
6/6/2017,1.28,1.37,1.2,1.34,5234170,63757000
5/6/2017,1.27,1.35,1.25,1.28,3876920,63267500
4/6/2017,1.25,1.32,1.22,1.26,2572220,62425500
3/6/2017,1.36,1.36,1.15,1.26,4049740,68122000
2/6/2017,1.25,1.4,1.18,1.35,7157890,62290500
1/6/2017,1.03,1.3,1.01,1.24,8061920,51383000
31/5/2017,1.02,1.08,0.966531,1.03,3001020,51167000
30/5/2017,0.975403,1.13,0.970573,1.02,5393720,48770200
29/5/2017,0.921727,0.974728,0.873447,0.966765,2171000,46086400
28/5/2017,0.989557,1.07,0.814832,0.930106,5133830,49477900
27/5/2017,0.806824,1.03,0.598245,0.982348,7025920,40341200
26/5/2017,1.11,1.22,0.69411,0.826549,6847940,55293000
25/5/2017,1.74,1.74,1.01,1.11,12458000,87149500
24/5/2017,0.878954,1.9,0.863444,1.76,22900400,43947700
23/5/2017,0.721726,0.901805,0.695115,0.877157,3858760,36086300
22/5/2017,0.682007,0.742591,0.669175,0.720486,2331300,34100400
21/5/2017,0.665434,0.744667,0.618864,0.664141,2621930,33271700
20/5/2017,0.638148,0.671513,0.612225,0.665485,1476170,31907400
19/5/2017,0.539752,0.682251,0.539752,0.63186,1884600,26987600
18/5/2017,0.533423,0.552265,0.514519,0.539481,1201540,26671200
17/5/2017,0.464285,0.531643,0.454101,0.531643,1328670,23214200
16/5/2017,0.474567,0.474567,0.452551,0.463667,637204,23728400
15/5/2017,0.477364,0.4933,0.45415,0.470057,897219,23868200
14/5/2017,0.483372,0.490861,0.473253,0.477543,501693,24168600
13/5/2017,0.487873,0.491284,0.451528,0.484544,616908,24393600
12/5/2017,0.480874,0.508175,0.469682,0.487684,548028,24043700
11/5/2017,0.504314,0.520573,0.431391,0.481077,953152,25215700
10/5/2017,0.44926,0.541055,0.44926,0.503894,843243,22463000
9/5/2017,0.496131,0.501255,0.407576,0.44937,1076450,24806600
8/5/2017,0.5303,0.542761,0.486931,0.496572,1025750,26515000
7/5/2017,0.585263,0.591143,0.516306,0.535792,1249060,29263200
6/5/2017,0.572854,0.59035,0.537649,0.58767,1341720,28642700
5/5/2017,0.493833,0.576426,0.470129,0.576426,2660100,24691600
4/5/2017,0.345096,0.500403,0.334537,0.500309,2317450,17254800
3/5/2017,0.314746,0.348589,0.309078,0.343782,758237,15737300
2/5/2017,0.319147,0.326074,0.280153,0.314833,588824,15957400
1/5/2017,0.361689,0.361689,0.269563,0.318838,1142050,18084400
30/4/2017,0.271731,0.362409,0.268994,0.360099,1631520,13586500
29/4/2017,0.229612,0.29057,0.221128,0.271729,960013,11480600
28/4/2017,0.202194,0.229271,0.20142,0.229255,473689,10109700
27/4/2017,0.184394,0.20851,0.181833,0.202092,327972,9219700
26/4/2017,0.183475,0.188085,0.179909,0.184577,185400,9173750
25/4/2017,0.173606,0.184094,0.166802,0.183504,241805,8680300
24/4/2017,0.177077,0.177153,0.163354,0.173758,262706,8853850
23/4/2017,0.180684,0.185985,0.169937,0.17496,175678,9034200
22/4/2017,0.178943,0.188524,0.173304,0.183058,288119,8947150
21/4/2017,0.184685,0.185694,0.174442,0.178122,263127,9234250
20/4/2017,0.189534,0.191015,0.178645,0.184725,222525,9476700
19/4/2017,0.180622,0.190709,0.178089,0.189408,297302,9031100
18/4/2017,0.19191,0.192224,0.176355,0.180479,348694,9595500
17/4/2017,0.191583,0.192535,0.179468,0.191489,331308,9579150
16/4/2017,0.193672,0.19565,0.188923,0.192076,167886,9683600
15/4/2017,0.192991,0.194574,0.190452,0.192164,76566,9649550
14/4/2017,0.19154,0.19396,0.190495,0.192958,103138,9577000
13/4/2017,0.193966,0.196013,0.190089,0.191686,147722,9698300
12/4/2017,0.198357,0.200199,0.191723,0.195553,192252,9917850
11/4/2017,0.209023,0.211772,0.189697,0.197826,257457,10451200
10/4/2017,0.188842,0.220733,0.186149,0.207874,208420,9442100
9/4/2017,0.189679,0.191026,0.186312,0.188861,97362,9483950
8/4/2017,0.189456,0.193674,0.188398,0.190221,54654,9472800
7/4/2017,0.187871,0.192661,0.184796,0.188531,81618,9393550
6/4/2017,0.184767,0.190455,0.184234,0.18643,82505,9238350
5/4/2017,0.185082,0.192548,0.182758,0.184719,102043,9254100
4/4/2017,0.199874,0.202591,0.181038,0.185002,148096,9993700
3/4/2017,0.205808,0.205959,0.196132,0.199703,104805,10290400
2/4/2017,0.203584,0.206776,0.200261,0.20548,102369,10179200
1/4/2017,0.203606,0.206153,0.19444,0.205017,109993,10180300
31/3/2017,0.210236,0.213953,0.196505,0.203541,291529,10511800
30/3/2017,0.212468,0.22193,0.206085,0.210556,504940,10623400
29/3/2017,0.22065,0.225506,0.205719,0.212428,335567,11032500
28/3/2017,0.186277,0.235749,0.180596,0.220632,821674,9313850
27/3/2017,0.161165,0.191642,0.160717,0.186426,201563,8058250
26/3/2017,0.167267,0.175043,0.158772,0.160384,37656,8363350
25/3/2017,0.166941,0.167388,0.157475,0.167305,47641,8347050
24/3/2017,0.166412,0.178022,0.159289,0.166465,52184,8320600
23/3/2017,0.173183,0.176421,0.156976,0.166412,38169,8659150
22/3/2017,0.164951,0.179551,0.159475,0.173143,157814,8247550
21/3/2017,0.153972,0.167727,0.150715,0.164934,234287,7698600
20/3/2017,0.157444,0.162542,0.149597,0.153898,68539,7872200
19/3/2017,0.159019,0.163016,0.149322,0.15756,68673,7950950
18/3/2017,0.140006,0.172281,0.140006,0.158987,188985,7000300
17/3/2017,0.131324,0.166127,0.122856,0.139902,63413,6566200
16/3/2017,0.128773,0.136685,0.125514,0.131867,20678,6438650
15/3/2017,0.133699,0.140774,0.128158,0.128653,16169,6684950
14/3/2017,0.136986,0.137204,0.127028,0.133681,23746,6849300
13/3/2017,0.140799,0.140823,0.127288,0.136979,23196,7039950
12/3/2017,0.142217,0.14357,0.131473,0.140575,36588,7110850
11/3/2017,0.131403,0.142793,0.129965,0.142142,32281,6570150
10/3/2017,0.132107,0.141972,0.120088,0.131476,34319,6605350
9/3/2017,0.116266,0.140766,0.114151,0.132026,21035,5813300
8/3/2017,0.122602,0.128715,0.116242,0.116242,5536,6130100
7/3/2017,0.123459,0.123531,0.116952,0.122573,8291,6172950
6/3/2017,0.121782,0.124417,0.118414,0.12345,10659,6089100
5/3/2017,0.119821,0.12368,0.116513,0.121757,4192,5991050
4/3/2017,0.122602,0.125583,0.117666,0.119901,6235,6130100
3/3/2017,0.119272,0.124929,0.118119,0.122444,9499,5963600
2/3/2017,0.135408,0.135475,0.115596,0.119301,8963,6770400
1/3/2017,0.117455,0.135197,0.113717,0.135197,12914,5872750
28/2/2017,0.115442,0.118271,0.113307,0.117443,19659,5772100
27/2/2017,0.115234,0.118632,0.10963,0.115376,8960,5761700
26/2/2017,0.114553,0.115582,0.104331,0.114986,8433,5727650
25/2/2017,0.120864,0.12166,0.110955,0.114526,9339,6043200
24/2/2017,0.119243,0.136124,0.086475,0.121185,17386,5962150
23/2/2017,0.121958,0.122226,0.114699,0.118724,6304,6097900
22/2/2017,0.124515,0.124515,0.115683,0.121959,6903,6225750
21/2/2017,0.1214,0.127322,0.114101,0.121561,14370,6070000
20/2/2017,0.123001,0.127204,0.116679,0.121475,10971,6150050
19/2/2017,0.124522,0.124827,0.117671,0.122905,4321,6226100
18/2/2017,0.122901,0.130873,0.119005,0.124431,13458,6145050
17/2/2017,0.125972,0.130485,0.115022,0.122661,28259,6298600
16/2/2017,0.112739,0.126088,0.112574,0.126088,10795,5636950
15/2/2017,0.116744,0.120698,0.111437,0.112729,5690,5837200
14/2/2017,0.118339,0.121985,0.114384,0.116603,6788,5916950
13/2/2017,0.12153,0.13772,0.118105,0.118286,6977,6076500
12/2/2017,0.125493,0.137479,0.117401,0.121566,3330,6274650
11/2/2017,0.125788,0.127159,0.122483,0.125607,743,6289400
10/2/2017,0.12754,0.13171,0.117976,0.125761,2605,6377000
9/2/2017,0.129684,0.132791,0.118249,0.127476,10870,6484200
8/2/2017,0.133244,0.134031,0.121542,0.129568,8268,6662200
7/2/2017,0.126972,0.136817,0.126972,0.133135,5302,6348600
6/2/2017,0.131717,0.138723,0.125146,0.126788,10498,6585850
5/2/2017,0.135944,0.143104,0.128306,0.131582,2685,6797200
4/2/2017,0.134385,0.147454,0.13296,0.135867,10217,6719250
3/2/2017,0.14565,0.14565,0.132985,0.134264,9702,7282500
2/2/2017,0.147206,0.147974,0.134287,0.145699,2973,7360300
1/2/2017,0.147034,0.150287,0.140878,0.147218,4496,7351700
31/1/2017,0.153713,0.153791,0.144326,0.147016,17416,7685650
30/1/2017,0.141147,0.15376,0.140489,0.15376,9285,7057350
29/1/2017,0.138097,0.14186,0.132053,0.141204,11695,6904850
28/1/2017,0.130334,0.137387,0.125774,0.134674,7066,6516700
27/1/2017,0.129894,0.135296,0.128775,0.130343,9238,6494700
26/1/2017,0.124319,0.135711,0.120759,0.133612,7694,6215950
25/1/2017,0.120212,0.129256,0.115434,0.124216,6427,6010600
24/1/2017,0.128569,0.128569,0.113295,0.120213,7139,6428450
23/1/2017,0.114416,0.130461,0.111428,0.129948,7175,5720800
22/1/2017,0.116306,0.119379,0.109804,0.114313,6468,5815300
21/1/2017,0.117955,0.127853,0.114241,0.116309,15335,5897750
20/1/2017,0.116596,0.124276,0.111754,0.117809,16255,5829800
19/1/2017,0.123035,0.123948,0.116102,0.116619,14984,6151750
18/1/2017,0.116816,0.123035,0.115687,0.123035,7457,5840800
17/1/2017,0.119675,0.122525,0.114662,0.116638,7960,5983750
16/1/2017,0.12373,0.123958,0.118628,0.119649,5112,6186500
15/1/2017,0.122904,0.132022,0.117124,0.123732,6954,6145200
14/1/2017,0.121337,0.12394,0.116299,0.122939,9262,6066850
13/1/2017,0.124106,0.124342,0.113803,0.121321,50365,6205300
12/1/2017,0.115137,0.124128,0.109263,0.124122,59945,5756850
11/1/2017,0.13397,0.13495,0.112802,0.115138,120522,6698500
10/1/2017,0.123761,0.13955,0.123113,0.133864,126915,6188050
9/1/2017,0.13263,0.13367,0.117667,0.123767,90000,6631500
8/1/2017,0.128325,0.134773,0.127755,0.132609,69033,6416250
7/1/2017,0.135505,0.135759,0.125106,0.131104,53818,6775250
6/1/2017,0.131087,0.139018,0.131087,0.135472,54666,6554350
5/1/2017,0.136797,0.143977,0.126582,0.13107,206224,6839850
4/1/2017,0.140294,0.142834,0.134433,0.136734,94045,7014700
3/1/2017,0.145645,0.147282,0.139653,0.140422,90544,7282250
2/1/2017,0.141841,0.147746,0.141841,0.145642,75921,7092050
1/1/2017,0.144763,0.147274,0.139742,0.141841,63512,7238150
31/12/2016,0.147526,0.148837,0.142705,0.144763,61000,7376300
30/12/2016,0.143599,0.14807,0.136893,0.147527,69464,7179950
29/12/2016,0.150688,0.151915,0.140106,0.14095,100992,7534400
28/12/2016,0.158032,0.162041,0.14599,0.150689,118030,7901600
27/12/2016,0.1666,0.177395,0.153932,0.158032,265268,8330000
26/12/2016,0.146785,0.182563,0.141148,0.166597,579250,7339250
25/12/2016,0.144213,0.153788,0.141296,0.146788,239670,7210650
24/12/2016,0.139545,0.151804,0.136822,0.146916,132934,6977250
23/12/2016,0.155059,0.157925,0.131227,0.137593,187645,7752950
22/12/2016,0.166441,0.184986,0.147481,0.155065,544880,8322050
21/12/2016,0.120868,0.168983,0.118599,0.167117,635204,6043400
20/12/2016,0.121536,0.124127,0.115108,0.120868,73913,6076800
19/12/2016,0.11526,0.121812,0.106848,0.121387,55326,5763000
18/12/2016,0.105842,0.117273,0.101063,0.11526,37746,5292100
17/12/2016,0.114445,0.115568,0.10174,0.105842,62650,5722250
16/12/2016,0.109869,0.118707,0.109327,0.114432,49515,5493450
15/12/2016,0.121012,0.123902,0.109819,0.109837,38086,6050600
14/12/2016,0.12793,0.12793,0.120364,0.121008,50948,6396500
13/12/2016,0.133035,0.136888,0.125618,0.127959,30845,6651750
12/12/2016,0.122082,0.140238,0.122082,0.129977,57019,6104100
11/12/2016,0.125352,0.128221,0.12073,0.122134,41967,6267600
10/12/2016,0.130952,0.132206,0.12477,0.125328,37027,6547600
9/12/2016,0.134409,0.136923,0.129699,0.13007,54783,6720450
8/12/2016,0.137448,0.138971,0.134429,0.134429,31065,6872400
7/12/2016,0.136196,0.142794,0.134726,0.13745,51152,6809800
6/12/2016,0.13896,0.14181,0.135703,0.136097,54376,6948000
5/12/2016,0.14727,0.14727,0.138194,0.141459,71656,7363500
4/12/2016,0.142444,0.157052,0.142444,0.14717,109462,7122200
3/12/2016,0.141987,0.144054,0.136455,0.142444,121437,7099350
2/12/2016,0.140119,0.145737,0.138452,0.141991,69742,7005950
1/12/2016,0.144522,0.144846,0.138559,0.140114,62769,7226100
30/11/2016,0.149963,0.150848,0.140499,0.144636,63418,7498150
29/11/2016,0.167861,0.167909,0.141612,0.149953,121979,8393050
28/11/2016,0.173073,0.175046,0.166608,0.167994,92873,8653650
27/11/2016,0.174134,0.179557,0.173007,0.17305,34618,8706700
26/11/2016,0.174608,0.185637,0.173892,0.174141,53456,8730400
25/11/2016,0.171903,0.191663,0.171885,0.174514,148809,8595150
24/11/2016,0.167006,0.186579,0.165703,0.171955,252878,8350300
23/11/2016,0.168883,0.172495,0.16694,0.167085,18866,8444150
22/11/2016,0.173474,0.17422,0.167397,0.168892,30457,8673700
21/11/2016,0.171,0.174966,0.169408,0.173476,13977,8550000
20/11/2016,0.169929,0.171309,0.161549,0.170999,6888,8496450
19/11/2016,0.172135,0.17649,0.168427,0.169928,20977,8606750
18/11/2016,0.173267,0.196769,0.16942,0.172177,170258,8663350
17/11/2016,0.162654,0.177109,0.16256,0.17328,115600,8132700
16/11/2016,0.173875,0.177754,0.153992,0.162529,52767,8693750
15/11/2016,0.183863,0.183864,0.172835,0.173875,58217,9193150
14/11/2016,0.170347,0.196291,0.168508,0.183786,161342,8517350
13/11/2016,0.168699,0.172853,0.163703,0.169917,47661,8434950
12/11/2016,0.172603,0.179612,0.166288,0.168695,38920,8630150
11/11/2016,0.168293,0.181036,0.165815,0.176226,92296,8414650
10/11/2016,0.159342,0.179854,0.154536,0.168272,226859,7967100
9/11/2016,0.161599,0.166946,0.156541,0.159859,51101,8079950
8/11/2016,0.173073,0.173376,0.160523,0.161594,64487,8653650
7/11/2016,0.163957,0.174019,0.143322,0.173087,264007,8197850
6/11/2016,0.1608,0.16817,0.15675,0.164002,52679,8040000
5/11/2016,0.175934,0.181375,0.156657,0.160797,165265,8796700
4/11/2016,0.173574,0.183584,0.168351,0.175917,123337,8678700
3/11/2016,0.197962,0.19817,0.155788,0.173534,265799,9898100
2/11/2016,0.214646,0.219169,0.191732,0.197941,242163,10732300
1/11/2016,0.228232,0.239149,0.204285,0.211322,411699,11411600
31/10/2016,0.18161,0.229291,0.177568,0.228251,917488,9080500
30/10/2016,0.172946,0.18382,0.170264,0.181026,377793,8647300
29/10/2016,0.151237,0.176248,0.151237,0.170166,714101,7561850
28/10/2016,0.127447,0.159842,0.12378,0.151552,545958,6372350
27/10/2016,0.129608,0.140409,0.124055,0.127426,169528,6480400
26/10/2016,0.1357,0.16963,0.121312,0.129615,494772,6785000
25/10/2016,0.093621,0.322439,0.092699,0.135712,365986,0
24/10/2016,0.081,0.100103,0.076476,0.093762,522611,0
23/10/2016,0.081487,0.085211,0.076681,0.082726,107073,0
22/10/2016,0.080197,0.096001,0.080013,0.081484,293121,0
21/10/2016,0.092487,0.093918,0.072287,0.080181,269793,0
20/10/2016,0.117083,0.117172,0.085342,0.092682,286750,0
19/10/2016,0.197446,0.205554,0.111325,0.117084,228476,0
18/10/2016,0.192736,0.289527,0.179325,0.19744,406917,0
17/10/2016,0.175871,0.192747,0.175284,0.192747,12989,0
16/10/2016,0.179883,0.19069,0.175885,0.175901,16019,0
15/10/2016,0.191007,0.191007,0.179885,0.179885,596,0
14/10/2016,0.1854,0.19109,0.176211,0.191014,2335,0
13/10/2016,0.186072,0.186072,0.175498,0.185407,1318,0
12/10/2016,0.193611,0.193611,0.175684,0.186052,12201,0
11/10/2016,0.193114,0.195352,0.181615,0.193575,5949,0
10/10/2016,0.186466,0.202517,0.180081,0.193108,11204,0
9/10/2016,0.205045,0.205045,0.178857,0.186541,30052,0
8/10/2016,0.202812,0.223037,0.185864,0.205229,31830,0
7/10/2016,0.179898,0.20284,0.179898,0.20284,5785,0
6/10/2016,0.289361,0.291334,0.180059,0.180059,2612,0
5/10/2016,0.185765,0.289548,0.179917,0.289392,1864,0
4/10/2016,0.178659,0.185843,0.178659,0.185843,506,0
3/10/2016,0.177613,0.192425,0.177613,0.178713,913,0
2/10/2016,0.202302,0.202303,0.177092,0.177279,4178,0
1/10/2016,0.184979,0.216455,0.184979,0.202293,2748,0
30/9/2016,0.191685,0.194601,0.180176,0.184939,2032,0
29/9/2016,0.194845,0.208155,0.175516,0.191738,11050,0
28/9/2016,0.197915,0.21275,0.184495,0.194798,6354,0
27/9/2016,0.202473,0.202473,0.179976,0.197913,19806,0
26/9/2016,0.199118,0.224506,0.193879,0.202491,9657,0
25/9/2016,0.213843,0.224547,0.192797,0.198994,3075,0
24/9/2016,0.243321,0.25485,0.213843,0.213843,21740,0
23/9/2016,0.252745,0.277371,0.241462,0.243237,16845,0
22/9/2016,0.303806,0.308768,0.252592,0.252723,54002,0
21/9/2016,0.312539,0.318675,0.303564,0.303794,156,0
20/9/2016,0.331291,0.336507,0.309502,0.312621,1171,0
19/9/2016,0.384877,0.384881,0.331207,0.331296,1448,0
18/9/2016,0.426591,0.427137,0.384916,0.384916,105159,0
17/9/2016,0.388924,0.427314,0.388896,0.426568,21060,0
16/9/2016,0.349726,0.389464,0.348948,0.388858,15105,0
15/9/2016,0.325188,0.365124,0.325024,0.349832,1982,0
14/9/2016,0.309516,0.337779,0.306223,0.325127,4129,0
13/9/2016,0.374469,0.375092,0.301766,0.309509,3337,0
12/9/2016,0.376312,0.376671,0.360443,0.374598,1116,0
11/9/2016,0.390948,0.398459,0.37279,0.37615,879,0
10/9/2016,0.558536,0.559143,0.37096,0.391001,811,0
9/9/2016,0.181483,0.558951,0.181357,0.558478,1349,0
8/9/2016,3.97,4.01,3.96,3.99,2425520,
7/9/2016,3.99,4.13,3.95,3.97,1988370,
6/9/2016,3.98,3.99,3.95,3.97,1699160,
5/9/2016,4.02,4.03,3.97,3.98,4245990,
4/9/2016,3.89,4.04,3.88,4.01,4834060,
3/9/2016,3.83,3.91,3.81,3.89,2484220,
2/9/2016,3.84,3.84,3.81,3.82,1984050,
1/9/2016,3.8,3.85,3.79,3.83,2241890,
31/8/2016,3.81,3.81,3.78,3.8,1678550,
30/8/2016,3.77,3.82,3.75,3.8,2315030,
29/8/2016,3.74,3.79,3.74,3.76,2610000,
28/8/2016,3.74,3.76,3.73,3.74,2380150,
27/8/2016,3.82,3.83,3.73,3.74,6505780,
26/8/2016,3.8,3.85,3.79,3.83,2392690,
25/8/2016,3.86,3.87,3.78,3.8,3206370,
24/8/2016,3.93,3.95,3.84,3.86,4425210,
23/8/2016,3.66,4.01,3.66,3.93,12154100,
22/8/2016,3.62,3.66,3.6,3.66,2685030,
21/8/2016,3.62,3.63,3.6,3.62,1321380,
20/8/2016,3.61,3.63,3.6,3.62,1642330,
19/8/2016,3.61,3.62,3.6,3.6,1433570,
18/8/2016,3.6,3.64,3.6,3.61,1645410,
17/8/2016,3.65,3.65,3.59,3.6,1830120,
16/8/2016,3.59,3.65,3.58,3.64,2302180,
15/8/2016,3.65,3.68,3.57,3.58,3314040,
14/8/2016,3.72,3.72,3.61,3.65,2655030,
13/8/2016,3.71,3.75,3.68,3.71,2473190,
12/8/2016,3.74,3.75,3.69,3.71,2025430,
11/8/2016,3.72,3.75,3.64,3.74,2374230,
10/8/2016,3.76,3.81,3.72,3.72,1656370,
9/8/2016,3.78,3.78,3.74,3.76,1878160,
8/8/2016,3.77,3.8,3.75,3.79,1379300,
7/8/2016,3.76,3.81,3.75,3.78,1335400,
6/8/2016,3.72,3.77,3.7,3.76,1371060,
5/8/2016,3.74,3.74,3.7,3.73,1162030,
4/8/2016,3.71,3.75,3.71,3.75,1593350,
3/8/2016,3.64,3.74,3.59,3.72,2875880,
2/8/2016,3.87,3.89,3.52,3.64,5039290,
1/8/2016,4.06,4.06,3.86,3.86,1991690,
31/7/2016,4.08,4.08,3.97,4.01,1921460,
30/7/2016,4.08,4.09,4.06,4.06,1388580,
29/7/2016,3.97,4.1,3.96,4.08,1744370,
28/7/2016,3.97,3.99,3.96,3.97,1728410,
27/7/2016,3.96,3.99,3.93,3.96,1847300,
26/7/2016,4.04,4.05,3.93,3.97,2545920,
25/7/2016,4.07,4.08,4.03,4.03,1535980,
24/7/2016,4.06,4.08,4.04,4.07,1839420,
23/7/2016,4.04,4.06,4.03,4.06,1568890,
22/7/2016,4.13,4.14,4.03,4.04,2677970,
21/7/2016,4.13,4.14,4.11,4.12,1422410,
20/7/2016,4.15,4.16,4.11,4.13,1908710,
19/7/2016,4.15,4.17,4.14,4.15,1563330,
18/7/2016,4.2,4.2,4.14,4.15,1577810,
17/7/2016,4.14,4.21,4.13,4.19,2155230,
16/7/2016,4.15,4.16,4.11,4.13,1378140,
15/7/2016,4.15,4.18,4.15,4.16,1668020,
14/7/2016,4.14,4.18,4.12,4.15,1663660,
13/7/2016,4.16,4.18,4.13,4.14,2215370,
12/7/2016,4.09,4.21,4.09,4.15,2734250,
11/7/2016,4.12,4.19,4.06,4.09,3282920,
10/7/2016,4.12,4.15,4.06,4.1,3039620,
9/7/2016,4.24,4.24,3.97,4.16,6256370,
8/7/2016,4.12,4.23,4.08,4.22,5033530,
7/7/2016,4.5,4.53,3.95,4.11,6277860,
6/7/2016,4.46,4.51,4.42,4.47,3238960,
5/7/2016,4.56,4.56,4.36,4.45,4707390,
4/7/2016,4.27,4.54,4.21,4.54,5062640,
3/7/2016,4.66,4.66,4.19,4.25,7659710,
2/7/2016,4.28,4.61,4.24,4.59,16646200,
1/7/2016,4.19,4.33,4.18,4.26,6987180,
30/6/2016,4.08,4.21,4.04,4.19,2864910,
29/6/2016,4.1,4.1,4.03,4.06,2211450,
28/6/2016,4.14,4.18,4.07,4.1,2867420,
27/6/2016,4.05,4.16,4.03,4.12,2749620,
26/6/2016,4.24,4.24,3.97,4.07,4480920,
25/6/2016,4.27,4.44,3.92,4.23,6057000,
24/6/2016,3.85,4.33,3.85,4.28,9364750,
23/6/2016,3.92,3.95,3.47,3.85,11138900,
22/6/2016,4.83,4.92,3.88,3.91,11522400,
21/6/2016,5.27,5.29,4.7,4.82,11984800,
20/6/2016,5.63,5.63,5.27,5.29,4154880,
19/6/2016,5.56,5.63,5.51,5.59,3760240,
18/6/2016,5.6,5.69,5.49,5.56,7878070,
17/6/2016,5.67,5.95,5.28,5.59,12383200,
16/6/2016,5.25,5.66,5.25,5.66,9930590,
15/6/2016,5.22,5.24,5.11,5.24,3917000,
14/6/2016,5.31,5.31,5.1,5.2,8488220,
13/6/2016,5.41,5.54,5.16,5.29,8668280,
12/6/2016,5.07,5.46,5.05,5.33,13753200,
11/6/2016,4.88,5.01,4.84,5.01,10294700,
10/6/2016,4.75,4.85,4.71,4.84,6975970,
9/6/2016,4.78,4.78,4.67,4.69,6438540,
8/6/2016,4.77,4.79,4.69,4.75,3507640,
7/6/2016,4.95,4.98,4.72,4.77,3881380,
6/6/2016,4.81,4.97,4.81,4.96,2993510,
5/6/2016,4.8,4.84,4.79,4.81,2257820,
4/6/2016,4.86,4.9,4.77,4.81,3214800,
3/6/2016,4.72,4.87,4.71,4.86,4061990,
2/6/2016,4.74,4.76,4.68,4.72,2121360,
1/6/2016,4.65,4.77,4.62,4.74,4577160,
31/5/2016,4.69,4.75,4.6,4.65,5187600,
30/5/2016,4.63,4.7,4.59,4.67,3805050,
29/5/2016,4.69,4.86,4.58,4.61,7351420,
28/5/2016,4.51,4.83,4.51,4.7,11564700,
27/5/2016,4.09,4.68,4.09,4.5,10821100,
26/5/2016,4.05,4.1,4.03,4.08,2530850,
25/5/2016,3.95,4.05,3.95,4.05,2765530,
24/5/2016,3.96,3.98,3.94,3.95,1742000,
23/5/2016,3.92,3.97,3.9,3.97,1868020,
22/5/2016,3.96,3.99,3.9,3.93,1849720,
21/5/2016,3.88,3.97,3.88,3.95,1938010,
20/5/2016,3.82,3.92,3.82,3.88,3638250,
19/5/2016,4,4.03,3.83,3.83,3380010,
18/5/2016,3.98,4.04,3.98,4,2377740,
17/5/2016,4,4.03,3.97,3.98,2663640,
16/5/2016,4.06,4.16,3.98,4.01,3632510,
15/5/2016,4.01,4.1,3.97,4.06,2096570,
14/5/2016,3.93,4.05,3.92,4.01,2444920,
13/5/2016,3.86,3.96,3.83,3.93,2624100,
12/5/2016,3.88,3.9,3.8,3.86,1798920,
11/5/2016,3.82,3.91,3.81,3.88,2458140,
10/5/2016,4.06,4.12,3.8,3.82,3688200,
9/5/2016,3.94,4.08,3.9,4.06,3120940,
8/5/2016,3.94,3.94,3.89,3.94,1783970,
7/5/2016,3.82,4,3.82,3.95,3278610,
6/5/2016,3.72,3.82,3.71,3.82,1899060,
5/5/2016,3.74,3.76,3.71,3.71,1702120,
4/5/2016,3.74,3.78,3.73,3.75,1716110,
3/5/2016,3.68,3.76,3.66,3.74,2363200,
2/5/2016,3.71,3.78,3.64,3.68,2667410,
1/5/2016,3.66,3.72,3.64,3.71,1911590,
30/4/2016,3.81,3.82,3.64,3.66,2502180,
29/4/2016,3.79,3.85,3.72,3.81,2467080,
28/4/2016,3.88,3.88,3.69,3.79,3952590,
27/4/2016,4.05,4.23,3.87,3.89,9435190,
26/4/2016,3.8,4.11,3.79,4.05,6717450,
25/4/2016,3.62,3.87,3.55,3.81,6605750,
24/4/2016,3.35,3.65,3.35,3.63,4502460,
23/4/2016,3.32,3.34,3.31,3.33,1383790,
22/4/2016,3.35,3.35,3.31,3.32,1569850,
21/4/2016,3.28,3.35,3.27,3.35,1688230,
20/4/2016,3.29,3.29,3.27,3.28,1638920,
19/4/2016,3.25,3.29,3.24,3.29,1333410,
18/4/2016,3.26,3.27,3.24,3.24,1317730,
17/4/2016,3.28,3.28,3.25,3.26,1211900,
16/4/2016,3.28,3.29,3.27,3.27,1155850,
15/4/2016,3.24,3.28,3.24,3.28,1404400,
14/4/2016,3.25,3.26,3.23,3.24,1190770,
13/4/2016,3.26,3.27,3.24,3.24,1295720,
12/4/2016,3.24,3.28,3.23,3.26,1305310,
11/4/2016,3.23,3.24,3.21,3.24,1061060,
10/4/2016,3.22,3.25,3.21,3.23,1417490,
9/4/2016,3.22,3.23,3.2,3.22,1224580,
8/4/2016,3.24,3.25,3.21,3.22,1352320,
7/4/2016,3.26,3.26,3.23,3.25,1150280,
6/4/2016,3.26,3.26,3.24,3.26,1088910,
5/4/2016,3.25,3.27,3.24,3.25,863788,
4/4/2016,3.26,3.27,3.22,3.25,1188610,
3/4/2016,3.26,3.27,3.25,3.26,1281200,
2/4/2016,3.25,3.28,3.24,3.26,1174830,
1/4/2016,3.25,3.26,3.23,3.24,1316230,
31/3/2016,3.23,3.27,3.22,3.26,1704440,
30/3/2016,3.23,3.28,3.2,3.22,1450290,
29/3/2016,3.26,3.28,3.2,3.23,1764730,
28/3/2016,3.3,3.3,3.26,3.26,1427140,
27/3/2016,3.23,3.32,3.23,3.3,2089890,
26/3/2016,3.23,3.24,3.21,3.23,1117430,
25/3/2016,3.23,3.24,3.21,3.23,1200290,
24/3/2016,3.25,3.25,3.22,3.22,1394180,
23/3/2016,3.23,3.25,3.22,3.24,1703040,
22/3/2016,3.2,3.24,3.2,3.23,1265140,
21/3/2016,3.21,3.21,3.19,3.2,507480,
20/3/2016,3.18,3.21,3.18,3.21,926158,
19/3/2016,3.17,3.19,3.16,3.18,617579,
18/3/2016,3.31,3.31,3.15,3.17,1502010,
17/3/2016,3.31,3.32,3.3,3.31,1038460,
16/3/2016,3.31,3.32,3.3,3.31,692940,
15/3/2016,3.3,3.33,3.29,3.31,747107,
14/3/2016,3.31,3.33,3.29,3.3,670283,
13/3/2016,3.29,3.32,3.28,3.31,1140930,
12/3/2016,3.39,3.39,3.27,3.29,1076560,
11/3/2016,3.29,3.4,3.29,3.38,1804450,
10/3/2016,3.28,3.29,3.25,3.29,898376,
9/3/2016,3.25,3.3,3.24,3.28,1247320,
8/3/2016,3.27,3.28,3.23,3.25,918434,
7/3/2016,3.22,3.27,3.2,3.27,1057270,
6/3/2016,3.19,3.25,3.17,3.22,1010650,
5/3/2016,3.25,3.25,3.13,3.19,1689010,
4/3/2016,3.32,3.35,3.25,3.25,1459960,
3/3/2016,3.36,3.36,3.31,3.32,1812040,
2/3/2016,3.43,3.44,3.37,3.37,1469810,
1/3/2016,3.45,3.45,3.41,3.43,1133580,
29/2/2016,3.44,3.49,3.42,3.45,1431670,
28/2/2016,3.41,3.47,3.36,3.44,986849,
27/2/2016,3.43,3.45,3.39,3.41,731107,
26/2/2016,3.37,3.42,3.32,3.42,1849390,
25/2/2016,3.39,3.4,3.33,3.37,1556360,
24/2/2016,3.4,3.42,3.32,3.37,1909510,
23/2/2016,3.49,3.52,3.38,3.4,2416790,
22/2/2016,3.47,3.51,3.43,3.48,2066780,
21/2/2016,3.46,3.58,3.4,3.46,3518950,
20/2/2016,3.27,3.5,3.26,3.46,3677250,
19/2/2016,3.26,3.27,3.23,3.25,1780240,
18/2/2016,3.25,3.27,3.23,3.25,1422270,
17/2/2016,3.23,3.26,3.2,3.24,1857460,
16/2/2016,3.2,3.22,3.18,3.21,1479430,
15/2/2016,3.23,3.25,3.17,3.18,1521240,
14/2/2016,3.15,3.21,3.15,3.21,1924190,
13/2/2016,3.12,3.14,3.11,3.13,1313500,
12/2/2016,3.09,3.12,3.08,3.11,1041630,
11/2/2016,3.11,3.13,3.07,3.08,1263660,
10/2/2016,3.09,3.13,3.08,3.1,1358800,
9/2/2016,3.08,3.08,3.05,3.08,1197280,
8/2/2016,3.09,3.11,3.06,3.06,964279,
7/2/2016,3.11,3.13,3.08,3.09,1168970,
6/2/2016,3.15,3.15,3.08,3.1,1394670,
5/2/2016,3.17,3.17,3.14,3.14,1211900,
4/2/2016,3.06,3.18,3.06,3.16,2059350,
3/2/2016,3.09,3.09,3.04,3.05,1406560,
2/2/2016,3.09,3.1,3.07,3.08,1279650,
1/2/2016,3.07,3.1,3.06,3.08,1502430,
31/1/2016,3.1,3.11,3.04,3.05,1450600,
30/1/2016,3.12,3.12,3.08,3.08,1298980,
29/1/2016,3.14,3.14,3.06,3.11,2555880,
28/1/2016,3.29,3.3,3.11,3.12,3075380,
27/1/2016,3.16,3.32,3.16,3.29,5341690,
26/1/2016,3.13,3.17,3.12,3.15,2926650,
25/1/2016,3.19,3.19,3.11,3.13,1940070,
24/1/2016,3.11,3.21,3.1,3.18,1806510,
23/1/2016,3.08,3.15,3.08,3.1,2384900,
22/1/2016,3.23,3.24,3.05,3.08,3589150,
21/1/2016,3.38,3.4,3.21,3.22,3665110,
20/1/2016,3.01,3.43,2.99,3.39,4438610,
19/1/2016,3.05,3.06,2.99,3.02,1626900,
18/1/2016,3.02,3.06,2.98,3.05,2304070,
17/1/2016,3.09,3.1,3.02,3.03,1905660,
16/1/2016,2.97,3.11,2.92,3.09,4170270,
15/1/2016,3.46,3.46,3,3,5117640,
14/1/2016,3.47,3.48,3.45,3.47,2044890,
13/1/2016,3.49,3.49,3.43,3.48,6745630,
12/1/2016,3.55,3.56,3.49,3.49,4566050,
11/1/2016,3.53,3.57,3.53,3.56,2931030,
10/1/2016,3.56,3.56,3.5,3.54,2462000,
9/1/2016,3.57,3.59,3.54,3.56,2934720,
8/1/2016,3.6,3.64,3.53,3.57,3277990,
7/1/2016,3.45,3.61,3.44,3.6,4560680,
6/1/2016,3.47,3.47,3.44,3.45,2208860,
5/1/2016,3.49,3.51,3.45,3.47,2104650,
4/1/2016,3.48,3.51,3.48,3.5,3309740,
3/1/2016,3.5,3.51,3.45,3.48,2406150,
2/1/2016,3.52,3.53,3.49,3.5,3020260,
1/1/2016,3.48,3.53,3.47,3.51,2791170,
31/12/2015,3.46,3.5,3.41,3.48,2667620,
30/12/2015,3.51,3.51,3.45,3.46,2202460,
29/12/2015,3.47,3.52,3.44,3.5,2161460,
28/12/2015,3.48,3.53,3.46,3.47,1647170,
27/12/2015,3.42,3.49,3.39,3.48,2048800,
26/12/2015,3.64,3.64,3.38,3.42,3880050,
25/12/2015,3.65,3.68,3.6,3.62,1628860,
24/12/2015,3.59,3.68,3.59,3.64,2530790,
23/12/2015,3.43,3.59,3.43,3.58,2274490,
22/12/2015,3.46,3.48,3.4,3.42,1366080,
21/12/2015,3.55,3.55,3.43,3.46,2244460,
20/12/2015,3.74,3.75,3.48,3.54,2853130,
19/12/2015,3.77,3.78,3.71,3.72,1480630,
18/12/2015,3.75,3.81,3.73,3.76,2642590,
17/12/2015,3.7,3.79,3.68,3.74,2244680,
16/12/2015,3.84,3.84,3.68,3.7,3628690,
15/12/2015,3.62,3.84,3.61,3.83,5124770,
14/12/2015,3.64,3.67,3.6,3.61,3011480,
13/12/2015,3.6,3.66,3.57,3.63,3218570,
12/12/2015,3.84,3.97,3.5,3.61,6201500,
11/12/2015,3.67,3.85,3.67,3.84,5086460,
10/12/2015,3.67,3.68,3.59,3.66,2538190,
9/12/2015,3.68,3.74,3.61,3.67,4506800,
8/12/2015,3.65,3.69,3.55,3.69,2744880,
7/12/2015,3.45,3.69,3.45,3.65,4210900,
6/12/2015,3.53,3.58,3.45,3.47,4063170,
5/12/2015,3.37,3.54,3.37,3.52,2664550,
4/12/2015,3.38,3.39,3.34,3.36,1333170,
3/12/2015,3.35,3.44,3.34,3.38,1943430,
2/12/2015,3.43,3.44,3.3,3.34,2452500,
1/12/2015,3.63,3.64,3.4,3.43,2841630,
30/11/2015,3.66,3.74,3.58,3.62,3339320,
29/11/2015,3.53,3.68,3.5,3.67,2720390,
28/11/2015,3.58,3.58,3.46,3.52,1691790,
27/11/2015,3.6,3.63,3.52,3.58,2780650,
26/11/2015,3.35,3.72,3.35,3.61,8700000,
25/11/2015,3.11,3.34,3.09,3.34,2877300,
24/11/2015,3.13,3.13,3.09,3.11,1510060,
23/11/2015,3.14,3.15,3.11,3.12,1389260,
22/11/2015,3.16,3.16,3.11,3.14,1070770,
21/11/2015,3.12,3.16,3.11,3.15,1057060,
20/11/2015,3.14,3.14,3.07,3.12,1698240,
19/11/2015,3.19,3.21,3.13,3.13,1448970,
18/11/2015,3.2,3.21,3.17,3.19,1425920,
17/11/2015,3.19,3.23,3.16,3.2,1607020,
16/11/2015,3.07,3.19,3.05,3.19,1578010,
15/11/2015,3.2,3.22,3.06,3.07,1750230,
14/11/2015,3.22,3.25,3.18,3.19,1293740,
13/11/2015,3.27,3.29,3.15,3.23,2247490,
12/11/2015,2.97,3.29,2.97,3.28,4133180,
11/11/2015,3.12,3.12,2.94,2.97,3648510,
10/11/2015,3.4,3.46,3.04,3.12,5565520,
9/11/2015,3.43,3.45,3.26,3.4,4195940,
8/11/2015,3.62,3.66,3.41,3.42,2399540,
7/11/2015,3.55,3.68,3.55,3.6,2638500,
6/11/2015,3.95,3.97,3.45,3.55,8761900,
5/11/2015,4.2,4.41,3.77,3.96,13017300,
4/11/2015,4.58,5.32,4.05,4.23,22553800,
3/11/2015,4.17,4.8,4.1,4.59,18600100,
2/11/2015,3.98,4.2,3.94,4.16,6302390,
1/11/2015,3.82,3.99,3.77,3.96,3801480,
31/10/2015,4.08,4.12,3.77,3.8,5425140,
30/10/2015,3.77,4.2,3.74,4.06,12206200,
29/10/2015,3.1,3.93,3.06,3.78,11455900,
28/10/2015,3.1,3.11,3.09,3.1,1433200,
27/10/2015,3.11,3.11,3.08,3.09,1102490,
26/10/2015,3.07,3.11,3.07,3.1,1119820,
25/10/2015,3.11,3.14,3.07,3.07,1656730,
24/10/2015,3.11,3.12,3.08,3.1,955111,
23/10/2015,3.12,3.13,3.09,3.11,1196600,
22/10/2015,3.08,3.14,3.07,3.11,1215290,
21/10/2015,3.09,3.12,3.06,3.08,988482,
20/10/2015,3.05,3.09,3.05,3.09,1163340,
19/10/2015,3.03,3.05,3.01,3.05,1239570,
18/10/2015,3.07,3.08,3,3.02,1217780,
17/10/2015,3.11,3.16,3.04,3.07,2454780,
16/10/2015,3.11,3.14,3.09,3.11,1472800,
15/10/2015,3.15,3.16,3.1,3.1,1428290,
14/10/2015,3.18,3.2,3.1,3.14,1781770,
13/10/2015,3.14,3.19,3.11,3.18,1605970,
12/10/2015,3.15,3.17,3.13,3.14,1252010,
11/10/2015,3.11,3.15,3.08,3.15,1222700,
10/10/2015,3.11,3.14,3.09,3.11,1000850,
9/10/2015,3.07,3.11,3.06,3.11,978079,
8/10/2015,3.06,3.08,3.05,3.06,1137940,
7/10/2015,3.15,3.16,3.06,3.06,1695270,
6/10/2015,3.02,3.16,3.01,3.15,1972700,
5/10/2015,3.02,3.03,2.99,3.02,1277060,
4/10/2015,3.03,3.06,3,3.01,982441,
3/10/2015,3,3.04,2.99,3.03,1051760,
2/10/2015,3,3.02,2.98,2.99,1132180,
1/10/2015,3.01,3.05,2.96,3,1644010,
30/9/2015,2.97,3.05,2.97,3.01,1371090,
29/9/2015,3.1,3.17,2.97,2.97,2896120,
28/9/2015,2.88,3.08,2.88,3.07,2604270,
27/9/2015,2.89,2.9,2.87,2.87,748001,
26/9/2015,2.89,2.9,2.87,2.89,531617,
25/9/2015,2.93,2.95,2.89,2.89,959962,
24/9/2015,2.87,2.95,2.87,2.93,1328450,
23/9/2015,2.86,2.9,2.85,2.87,901921,
22/9/2015,2.8,2.88,2.8,2.84,1442340,
21/9/2015,2.85,2.85,2.8,2.8,1027230,
20/9/2015,2.88,2.88,2.83,2.85,989389,
19/9/2015,2.95,2.96,2.86,2.87,897801,
18/9/2015,2.91,3.01,2.9,2.96,1572740,
17/9/2015,2.81,2.93,2.8,2.91,1626720,
16/9/2015,2.83,2.85,2.77,2.8,1192860,
15/9/2015,2.84,2.93,2.82,2.82,918109,
14/9/2015,2.81,2.86,2.78,2.84,1135730,
13/9/2015,2.82,2.85,2.77,2.82,1328080,
12/9/2015,2.96,2.97,2.82,2.83,1517440,
11/9/2015,2.95,2.98,2.94,2.96,1251460,
10/9/2015,2.92,2.97,2.89,2.95,1420320,
9/9/2015,3.05,3.05,2.91,2.92,2298470,
8/9/2015,3.05,3.13,3.01,3.05,2566300,
7/9/2015,3.04,3.1,2.99,3.05,2254530,
6/9/2015,2.92,3.12,2.9,3.05,4281360,
5/9/2015,2.7,2.94,2.66,2.92,2666820,
4/9/2015,2.64,2.72,2.63,2.7,1441530,
3/9/2015,2.8,2.8,2.58,2.63,2210590,
2/9/2015,2.82,2.83,2.76,2.8,2423010,
1/9/2015,2.85,2.88,2.81,2.82,1376040,
31/8/2015,2.85,2.86,2.79,2.84,1752920,
30/8/2015,2.87,2.91,2.76,2.85,1497480,
29/8/2015,2.92,2.95,2.82,2.88,1706060,
28/8/2015,2.84,2.96,2.71,2.91,4186540,
27/8/2015,2.95,2.99,2.84,2.87,1936130,
26/8/2015,2.95,3.04,2.84,2.95,4551630,
25/8/2015,2.98,3.05,2.54,2.94,11404300,
24/8/2015,3.39,3.39,2.97,2.99,7278630,
23/8/2015,3.51,3.54,3.35,3.39,2066020,
22/8/2015,3.56,3.59,3.46,3.51,1913720,
21/8/2015,3.6,3.64,3.55,3.57,1720630,
20/8/2015,3.47,3.62,3.47,3.61,2882900,
19/8/2015,3.48,3.62,3.36,3.48,5742670,
18/8/2015,3.98,4,3.44,3.47,3464380,
17/8/2015,3.96,4.03,3.94,3.98,2289060,
16/8/2015,3.93,3.99,3.89,3.95,3197720,
15/8/2015,4.02,4.04,3.92,3.93,2016290,
14/8/2015,3.88,4.07,3.86,4.03,3157170,
13/8/2015,3.97,3.97,3.84,3.88,2409030,
12/8/2015,4.14,4.16,3.97,3.99,3519900,
11/8/2015,3.95,4.16,3.94,4.16,3426300,
10/8/2015,3.9,3.98,3.9,3.95,2239890,
9/8/2015,3.84,3.98,3.81,3.9,3064680,
8/8/2015,4.22,4.22,3.84,3.85,4917730,
7/8/2015,4.06,4.22,3.97,4.21,4192810,
6/8/2015,4.35,4.36,4.02,4.06,3879570,
5/8/2015,4.37,4.43,4.3,4.35,2565020,
4/8/2015,4.18,4.47,4.18,4.38,4323960,
3/8/2015,4.17,4.37,4.04,4.16,5494590,
2/8/2015,4.09,4.2,3.86,4.17,6950580,
1/8/2015,4.64,4.64,4.07,4.15,6284530,
31/7/2015,4.58,4.77,4.51,4.64,4640650,
30/7/2015,4.79,4.79,4.51,4.58,5420630,
29/7/2015,5.05,5.1,4.72,4.8,6609040,
28/7/2015,4.67,5.14,4.65,5.06,10629300,
27/7/2015,4.68,4.74,4.59,4.67,5164400,
26/7/2015,4.63,4.75,4.44,4.66,7946990,
25/7/2015,4.6,4.88,4.47,4.63,10288900,
24/7/2015,3.79,4.73,3.76,4.6,14874300,
23/7/2015,3.83,3.85,3.76,3.78,2177740,
22/7/2015,3.78,3.84,3.68,3.82,2892200,
21/7/2015,3.93,4.01,3.77,3.77,4431730,
20/7/2015,3.77,3.94,3.73,3.94,4242190,
19/7/2015,4,4.07,3.66,3.77,4693260,
18/7/2015,3.78,4.23,3.78,4,8471440,
17/7/2015,3.72,3.93,3.55,3.79,9454510,
16/7/2015,4.2,4.27,3.3,3.69,17295300,
15/7/2015,4.65,4.72,4.14,4.21,7539760,
14/7/2015,4.68,4.89,4.48,4.65,5418730,
13/7/2015,5.3,5.3,4.32,4.68,14296100,
12/7/2015,4.39,5.38,4.35,5.29,19203600,
11/7/2015,4.48,4.79,3.71,4.37,19647300,
10/7/2015,7.53,8.73,4.07,4.51,62612600,
9/7/2015,6.36,7.83,6,7.54,42419800,
8/7/2015,5.25,6.39,5.14,6.36,23234900,
7/7/2015,5.44,5.48,4.9,5.23,13570800,
6/7/2015,4.95,5.69,4.67,5.42,22969200,
5/7/2015,4.13,4.95,4.04,4.95,14069300,
4/7/2015,4.12,4.14,4.06,4.11,3939060,
3/7/2015,4.06,4.13,4.06,4.12,4281280,
2/7/2015,3.93,4.16,3.92,4.07,6288460,
1/7/2015,4.09,4.11,3.84,3.92,7113180,
30/6/2015,3.74,4.34,3.73,4.09,15390500,
29/6/2015,3.19,3.82,3.03,3.74,12726600,
28/6/2015,3.09,3.31,3.02,3.31,2837150,
27/6/2015,2.86,3.12,2.86,3.1,4570240,
26/6/2015,2.85,2.91,2.82,2.86,2100370,
25/6/2015,2.77,2.89,2.69,2.85,4221940,
24/6/2015,2.97,2.97,2.78,2.78,3317430,
23/6/2015,3.03,3.03,2.97,2.97,2332310,
22/6/2015,3.02,3.05,2.96,3.03,3039690,
21/6/2015,3.04,3.05,2.9,3.02,3196090,
20/6/2015,2.81,3.09,2.75,3.04,5729100,
19/6/2015,3.1,3.12,2.69,2.81,7275770,
18/6/2015,2.89,3.13,2.88,3.1,7435550,
17/6/2015,2.9,3.2,2.72,2.89,13038800,
16/6/2015,2.02,2.88,2.01,2.88,10053700,
15/6/2015,2,2.03,1.99,2.02,1895750,
14/6/2015,1.86,2.07,1.85,2,3128440,
13/6/2015,1.8,1.86,1.8,1.86,1470540,
12/6/2015,1.79,1.81,1.79,1.8,963104,
11/6/2015,1.76,1.8,1.76,1.79,1048480,
10/6/2015,1.8,1.8,1.75,1.76,1212820,
9/6/2015,1.78,1.8,1.78,1.8,1480430,
8/6/2015,1.73,1.8,1.73,1.79,1710280,
7/6/2015,1.76,1.77,1.72,1.73,1160830,
6/6/2015,1.76,1.78,1.75,1.76,1184500,
5/6/2015,1.67,1.77,1.67,1.76,1474750,
4/6/2015,1.69,1.69,1.66,1.67,1065250,
3/6/2015,1.67,1.7,1.66,1.69,1162310,
2/6/2015,1.62,1.68,1.61,1.67,1370450,
1/6/2015,1.64,1.68,1.59,1.62,1998470,
31/5/2015,1.81,1.81,1.63,1.64,2071950,
30/5/2015,1.83,1.84,1.81,1.81,1327450,
29/5/2015,1.84,1.84,1.81,1.83,1762870,
28/5/2015,1.85,1.86,1.83,1.84,1301610,
27/5/2015,1.82,1.87,1.81,1.85,1675280,
26/5/2015,1.8,1.82,1.79,1.82,1381530,
25/5/2015,1.83,1.84,1.79,1.8,1457180,
24/5/2015,1.79,1.84,1.79,1.83,1725070,
23/5/2015,1.83,1.9,1.77,1.79,2701800,
22/5/2015,1.48,1.88,1.48,1.83,5017600,
21/5/2015,1.46,1.48,1.46,1.48,1109240,
20/5/2015,1.45,1.46,1.45,1.46,892369,
19/5/2015,1.45,1.46,1.44,1.45,516737,
18/5/2015,1.45,1.46,1.44,1.45,630744,
17/5/2015,1.45,1.46,1.45,1.45,481714,
16/5/2015,1.45,1.45,1.4,1.45,757344,
15/5/2015,1.45,1.46,1.45,1.45,691297,
14/5/2015,1.45,1.46,1.44,1.45,1078360,
13/5/2015,1.44,1.48,1.44,1.45,1913000,
12/5/2015,1.44,1.45,1.43,1.45,723296,
11/5/2015,1.44,1.45,1.43,1.44,826032,
10/5/2015,1.45,1.45,1.42,1.44,993855,
9/5/2015,1.48,1.49,1.44,1.45,1323730,
8/5/2015,1.45,1.49,1.44,1.48,1444320,
7/5/2015,1.39,1.49,1.38,1.46,1742090,
6/5/2015,1.41,1.41,1.39,1.39,1100820,
5/5/2015,1.41,1.42,1.39,1.41,1229630,
4/5/2015,1.43,1.45,1.41,1.41,1462600,
3/5/2015,1.42,1.45,1.41,1.43,1673860,
2/5/2015,1.41,1.43,1.4,1.42,807758,
1/5/2015,1.44,1.45,1.41,1.41,1169670,
30/4/2015,1.36,1.45,1.36,1.44,2039930,
29/4/2015,1.36,1.37,1.35,1.36,1372440,
28/4/2015,1.38,1.39,1.35,1.36,1014190,
27/4/2015,1.32,1.4,1.32,1.38,1465060,
26/4/2015,1.4,1.4,1.3,1.32,1292150,
25/4/2015,1.42,1.43,1.4,1.4,868387,
24/4/2015,1.46,1.46,1.42,1.42,1008680,
23/4/2015,1.46,1.46,1.44,1.46,727959,
22/4/2015,1.43,1.47,1.42,1.45,1130670,
21/4/2015,1.41,1.43,1.4,1.42,1055230,
20/4/2015,1.38,1.42,1.38,1.41,959972,
19/4/2015,1.41,1.43,1.38,1.39,984396,
18/4/2015,1.41,1.42,1.39,1.41,733823,
17/4/2015,1.42,1.44,1.4,1.41,1127080,
16/4/2015,1.38,1.43,1.37,1.42,1098160,
15/4/2015,1.38,1.42,1.35,1.38,1230190,
14/4/2015,1.38,1.39,1.34,1.38,1669170,
13/4/2015,1.47,1.48,1.37,1.38,1316410,
12/4/2015,1.46,1.49,1.45,1.46,724290,
11/4/2015,1.52,1.54,1.44,1.46,1329260,
10/4/2015,1.59,1.59,1.52,1.53,1448110,
9/4/2015,1.62,1.63,1.55,1.59,1354130,
8/4/2015,1.67,1.68,1.62,1.63,1479550,
7/4/2015,1.69,1.69,1.67,1.67,898271,
6/4/2015,1.7,1.72,1.67,1.69,1077700,
5/4/2015,1.68,1.71,1.68,1.7,1012920,
4/4/2015,1.7,1.7,1.67,1.69,794158,
3/4/2015,1.68,1.7,1.68,1.7,1053650,
2/4/2015,1.67,1.69,1.66,1.68,1254970,
1/4/2015,1.65,1.68,1.63,1.66,1245880,
31/3/2015,1.67,1.68,1.64,1.65,1124990,
30/3/2015,1.66,1.68,1.64,1.67,1297260,
29/3/2015,1.7,1.71,1.64,1.66,1242080,
28/3/2015,1.68,1.72,1.68,1.7,843595,
27/3/2015,1.69,1.7,1.67,1.69,1109440,
26/3/2015,1.67,1.73,1.65,1.7,1655180,
25/3/2015,1.65,1.79,1.61,1.67,2189060,
24/3/2015,1.78,1.78,1.65,1.65,2014330,
23/3/2015,1.8,1.8,1.75,1.78,1257730,
22/3/2015,1.75,1.8,1.74,1.8,1072060,
21/3/2015,1.77,1.77,1.73,1.75,1025410,
20/3/2015,1.76,1.79,1.75,1.77,1015870,
19/3/2015,1.74,1.79,1.65,1.76,2925790,
18/3/2015,1.98,1.99,1.73,1.74,2976040,
17/3/2015,2.03,2.05,1.98,1.98,1493110,
16/3/2015,2.02,2.06,2.02,2.03,1307010,
15/3/2015,1.99,2.03,1.99,2.02,1035700,
14/3/2015,2,2.01,1.99,2,1524990,
13/3/2015,2.04,2.05,2.01,2.01,1702690,
12/3/2015,2.02,2.07,2,2.04,2153170,
11/3/2015,2.01,2.04,1.99,2.03,1945020,
10/3/2015,1.94,2.08,1.94,2.01,4023500,
9/3/2015,1.89,1.95,1.89,1.94,2713960,
8/3/2015,1.91,1.92,1.88,1.89,1281400,
7/3/2015,1.89,1.92,1.88,1.91,1176540,
6/3/2015,1.92,1.93,1.88,1.9,1718100,
5/3/2015,1.92,1.94,1.86,1.92,2042170,
4/3/2015,1.96,1.97,1.92,1.93,2444050,
3/3/2015,1.94,1.97,1.91,1.96,2818220,
2/3/2015,1.89,1.95,1.86,1.94,2442300,
1/3/2015,1.85,1.91,1.81,1.89,1697220,
28/2/2015,1.85,1.85,1.82,1.84,1026120,
27/2/2015,1.8,1.88,1.8,1.85,2360850,
26/2/2015,1.81,1.81,1.79,1.81,917184,
25/2/2015,1.83,1.83,1.79,1.8,768342,
24/2/2015,1.81,1.84,1.8,1.83,941910,
23/2/2015,1.8,1.82,1.78,1.82,1207240,
22/2/2015,1.85,1.87,1.79,1.8,1413400,
21/2/2015,1.85,1.87,1.84,1.85,934224,
20/2/2015,1.84,1.86,1.83,1.85,1430460,
19/2/2015,1.83,1.85,1.82,1.85,1117190,
18/2/2015,1.86,1.86,1.8,1.83,1504230,
17/2/2015,1.79,1.88,1.79,1.85,1824820,
16/2/2015,1.84,1.85,1.8,1.8,1766700,
15/2/2015,1.94,2.03,1.79,1.84,3678900,
14/2/2015,1.82,1.96,1.82,1.94,2967890,
13/2/2015,1.76,1.85,1.75,1.82,2417560,
12/2/2015,1.73,1.77,1.72,1.76,1073660,
11/2/2015,1.76,1.79,1.72,1.73,1202390,
10/2/2015,1.73,1.79,1.69,1.76,1943220,
9/2/2015,1.79,1.79,1.72,1.73,1412300,
8/2/2015,1.79,1.81,1.76,1.78,793432,
7/2/2015,1.76,1.79,1.74,1.78,1272440,
6/2/2015,1.74,1.83,1.74,1.76,2332680,
5/2/2015,1.79,1.81,1.73,1.74,4490700,
4/2/2015,1.82,1.84,1.76,1.79,3683490,
3/2/2015,1.87,1.94,1.81,1.82,2425490,
2/2/2015,1.81,1.88,1.75,1.88,1955370,
1/2/2015,1.88,1.88,1.68,1.8,2661610,
31/1/2015,1.9,1.94,1.87,1.87,1205140,
30/1/2015,1.91,1.98,1.89,1.9,1805110,
29/1/2015,1.88,1.95,1.83,1.92,2191570,
28/1/2015,2.09,2.13,1.81,1.87,3295480,
27/1/2015,2.07,2.14,1.87,2.09,4502690,
26/1/2015,2.25,2.39,2.06,2.08,8803090,
25/1/2015,1.84,2.37,1.84,2.25,9178540,
24/1/2015,1.43,1.89,1.42,1.84,4858920,
23/1/2015,1.41,1.43,1.38,1.43,1267530,
22/1/2015,1.37,1.45,1.37,1.42,1660700,
21/1/2015,1.32,1.37,1.32,1.37,1191370,
20/1/2015,1.34,1.34,1.3,1.32,1069660,
19/1/2015,1.33,1.36,1.31,1.34,728641,
18/1/2015,1.3,1.37,1.23,1.33,1694820,
17/1/2015,1.4,1.4,1.25,1.29,1514960,
16/1/2015,1.28,1.47,1.27,1.4,2669280,
15/1/2015,1.15,1.38,1.15,1.28,3487080,
14/1/2015,1.55,1.58,1.11,1.16,4721280,
13/1/2015,1.71,1.72,1.53,1.54,4039950,
12/1/2015,1.72,1.79,1.7,1.71,1738370,
11/1/2015,1.65,1.88,1.64,1.72,2581500,
10/1/2015,1.97,1.98,1.62,1.65,2911190,
9/1/2015,2.01,2.01,1.96,1.98,1951160,
8/1/2015,2.12,2.12,2,2.01,2924520,
7/1/2015,2.12,2.15,2.08,2.12,3388950,
6/1/2015,2.08,2.12,2.04,2.11,3242950,
5/1/2015,1.96,2.16,1.96,2.08,10649500,
4/1/2015,2.11,2.15,1.91,1.96,3888140,
3/1/2015,2.67,2.67,2.13,2.13,5193080,
2/1/2015,2.7,2.7,2.66,2.67,855392,
1/1/2015,2.72,2.72,2.69,2.7,770693,
31/12/2014,2.7,2.73,2.69,2.72,1577550,
30/12/2014,2.7,2.72,2.67,2.7,1536350,
29/12/2014,2.73,2.75,2.69,2.69,1471530,
28/12/2014,2.72,2.76,2.67,2.73,1701950,
27/12/2014,2.78,2.8,2.7,2.72,2180800,
26/12/2014,2.7,2.81,2.68,2.78,2088360,
25/12/2014,2.74,2.75,2.67,2.7,1640910,
24/12/2014,2.88,2.88,2.73,2.74,2076240,
23/12/2014,2.89,2.91,2.86,2.88,1901360,
22/12/2014,2.86,2.91,2.84,2.89,2477440,
21/12/2014,2.91,2.92,2.84,2.85,2187630,
20/12/2014,2.87,2.94,2.87,2.92,2591650,
19/12/2014,2.81,2.87,2.73,2.87,2780240,
18/12/2014,2.94,3,2.7,2.81,4301260,
17/12/2014,3.01,3.07,2.9,2.94,3969240,
16/12/2014,3.45,3.46,2.99,3.02,5220210,
15/12/2014,3.48,3.48,3.45,3.45,2292030,
14/12/2014,3.48,3.5,3.47,3.48,1547550,
13/12/2014,3.49,3.49,3.46,3.48,2121910,
12/12/2014,3.48,3.49,3.48,3.49,2060970,
11/12/2014,3.49,3.56,3.44,3.48,2667680,
10/12/2014,3.52,3.54,3.48,3.5,1982380,
9/12/2014,3.66,3.67,3.48,3.52,3606940,
8/12/2014,3.71,3.77,3.65,3.65,2295450,
7/12/2014,3.62,3.75,3.61,3.71,1759240,
6/12/2014,3.62,3.63,3.6,3.61,1690520,
5/12/2014,3.59,3.62,3.58,3.62,2350920,
4/12/2014,3.61,3.64,3.59,3.59,2291670,
3/12/2014,3.63,3.65,3.58,3.61,1715450,
2/12/2014,3.58,3.66,3.58,3.63,2051950,
1/12/2014,3.58,3.61,3.57,3.58,1275120,
30/11/2014,3.59,3.61,3.56,3.58,1206290,
29/11/2014,3.6,3.64,3.57,3.59,2264640,
28/11/2014,3.56,3.64,3.5,3.6,2007140,
27/11/2014,3.57,3.58,3.55,3.56,1764690,
26/11/2014,3.57,3.59,3.54,3.56,2497390,
25/11/2014,3.62,3.7,3.55,3.57,3468870,
24/11/2014,3.59,3.69,3.57,3.63,3281530,
23/11/2014,3.52,3.61,3.52,3.59,1686970,
22/11/2014,3.5,3.62,3.49,3.52,2446510,
21/11/2014,3.61,3.61,3.48,3.5,3851320,
20/11/2014,3.81,3.82,3.59,3.61,3682840,
19/11/2014,3.78,3.84,3.77,3.81,2858300,
18/11/2014,3.88,3.91,3.75,3.77,4024840,
17/11/2014,3.88,4,3.83,3.88,3967100,
16/11/2014,3.84,3.9,3.83,3.88,2991050,
15/11/2014,3.99,4.04,3.81,3.85,3891770,
14/11/2014,4.09,4.09,3.86,3.99,7587850,
13/11/2014,4.13,4.35,4.02,4.1,13963000,
12/11/2014,3.68,4.14,3.68,4.07,8733140,
11/11/2014,3.7,3.74,3.67,3.68,2783960,
10/11/2014,3.63,3.73,3.59,3.7,3545550,
9/11/2014,3.55,3.64,3.55,3.63,1873830,
8/11/2014,3.56,3.58,3.53,3.56,1508220,
7/11/2014,3.65,3.66,3.55,3.56,2417010,
6/11/2014,3.64,3.67,3.62,3.65,2461750,
5/11/2014,3.59,3.67,3.59,3.64,2855540,
4/11/2014,3.58,3.62,3.55,3.59,2336120,
3/11/2014,3.59,3.66,3.56,3.58,2034500,
2/11/2014,3.58,3.62,3.55,3.59,2031400,
1/11/2014,3.76,3.76,3.56,3.57,2476220,
31/10/2014,3.78,3.8,3.75,3.75,2303900,
30/10/2014,3.73,3.82,3.72,3.79,2667440,
29/10/2014,3.85,3.85,3.72,3.73,2551500,
28/10/2014,3.81,3.9,3.79,3.85,2222000,
27/10/2014,3.72,3.89,3.71,3.81,2694530,
26/10/2014,3.67,3.77,3.66,3.73,1986590,
25/10/2014,3.75,3.76,3.63,3.67,2370430,
24/10/2014,3.74,3.78,3.72,3.75,3557710,
23/10/2014,3.85,3.87,3.73,3.74,3191780,
22/10/2014,3.94,3.96,3.84,3.84,2094200,
21/10/2014,3.91,3.97,3.9,3.94,1948840,
20/10/2014,3.98,3.98,3.88,3.91,2252890,
19/10/2014,4.06,4.06,3.97,3.99,1576340,
18/10/2014,3.99,4.09,3.95,4.06,2386140,
17/10/2014,3.99,4.02,3.95,3.99,3561280,
16/10/2014,4.06,4.1,3.96,3.99,4204880,
15/10/2014,4.08,4.08,3.99,4.06,4837180,
14/10/2014,3.86,4.23,3.86,4.08,8247860,
13/10/2014,3.85,3.9,3.79,3.86,4200710,
12/10/2014,3.78,3.85,3.7,3.85,2712090,
11/10/2014,3.8,3.84,3.68,3.77,3498570,
10/10/2014,3.9,3.92,3.77,3.81,6313690,
9/10/2014,3.91,4.03,3.87,3.9,8316140,
8/10/2014,3.86,3.93,3.75,3.91,5850860,
7/10/2014,3.81,3.95,3.69,3.86,7096400,
6/10/2014,3.7,3.91,3.57,3.82,9482680,
5/10/2014,3.94,4.04,3.48,3.7,8143680,
4/10/2014,4.17,4.28,3.89,3.94,6948810,
3/10/2014,4.32,4.34,4.16,4.18,1471270,
2/10/2014,4.43,4.46,4.29,4.32,1124950,
1/10/2014,4.47,4.5,4.38,4.43,1172180,
30/9/2014,4.25,4.55,4.23,4.47,2456420,
29/9/2014,4.24,4.33,4.2,4.25,1712650,
28/9/2014,4.42,4.46,4.2,4.23,1741170,
27/9/2014,4.43,4.49,4.4,4.42,889525,
26/9/2014,4.51,4.55,4.39,4.43,1548350,
25/9/2014,4.67,4.67,4.45,4.51,2046960,
24/9/2014,4.74,4.75,4.63,4.67,2662290,
23/9/2014,4.24,4.88,4.19,4.75,4661670,
22/9/2014,4.25,4.42,4.21,4.24,1855960,
21/9/2014,4.26,4.3,4.15,4.25,2931220,
20/9/2014,4.33,4.62,4.2,4.29,5490660,
19/9/2014,4.69,4.76,4.25,4.33,3917450,
18/9/2014,5.07,5.07,4.58,4.69,4569260,
17/9/2014,5.09,5.17,4.97,5.06,3071840,
16/9/2014,5.17,5.17,5.05,5.07,2227620,
15/9/2014,5.4,5.42,5.15,5.18,3140670,
14/9/2014,5.45,5.48,5.39,5.4,2082360,
13/9/2014,5.39,5.49,5.33,5.45,2376730,
12/9/2014,5.46,5.46,5.31,5.38,2226060,
11/9/2014,5.34,5.53,5.3,5.45,4135310,
10/9/2014,5.06,5.41,5.04,5.34,4708510,
9/9/2014,5.09,5.11,4.98,5.07,2241750,
8/9/2014,5.16,5.19,4.98,5.1,3382240,
7/9/2014,4.99,5.2,4.98,5.16,2465670,
6/9/2014,4.97,5.07,4.95,4.98,1604380,
5/9/2014,5.17,5.21,4.96,4.96,1855340,
4/9/2014,4.87,5.29,4.86,5.18,3630100,
3/9/2014,4.82,4.92,4.77,4.87,1452640,
2/9/2014,4.71,4.89,4.64,4.82,3392930,
1/9/2014,4.86,4.96,4.71,4.71,2185090,
31/8/2014,5.21,5.23,4.82,4.86,6174680,
30/8/2014,5.36,5.42,5.17,5.23,2227060,
29/8/2014,5.29,5.39,5.18,5.36,2455120,
28/8/2014,5.39,5.46,5.14,5.28,3621080,
27/8/2014,5.55,5.82,5.31,5.39,6557750,
26/8/2014,5.2,5.59,5.2,5.54,4855760,
25/8/2014,5.4,5.43,5.12,5.21,3771750,
24/8/2014,4.89,5.62,4.87,5.45,7834340,
23/8/2014,5.24,5.25,4.72,4.9,4216910,
22/8/2014,5.8,5.81,5.01,5.25,6563270,
21/8/2014,5.46,6.13,5.46,5.8,10657900,
20/8/2014,4.72,5.69,4.4,5.45,10691200,
19/8/2014,3.71,4.76,3.65,4.67,8650900,
18/8/2014,4.35,4.41,3.58,3.71,7745910,
17/8/2014,4.97,5,4.27,4.33,3669990,
16/8/2014,5.05,5.06,4.92,4.98,1776270,
15/8/2014,5.06,5.21,4.97,5.05,1986680,
14/8/2014,5.04,5.24,4.82,5.04,4880800,
13/8/2014,5.65,5.74,4.84,5.04,7394390,
12/8/2014,6.06,6.06,5.46,5.65,5792680,
11/8/2014,6.96,6.96,5.95,6.06,5822370,
10/8/2014,6.95,7.01,6.92,6.95,883892,
9/8/2014,7.06,7.07,6.9,6.94,2392250,
8/8/2014,7.18,7.29,7.04,7.06,1710740,
7/8/2014,7.19,7.21,6.85,7.18,3306010,
6/8/2014,7.26,7.28,7.14,7.18,1047680,
5/8/2014,7.41,7.41,7.21,7.27,1400060,
4/8/2014,7.54,10.97,7.38,7.41,1150700,
3/8/2014,7.63,7.64,7.53,7.54,777123,
2/8/2014,7.71,7.72,7.58,7.63,1113910,
1/8/2014,7.54,7.78,7.45,7.7,1849420,
31/7/2014,7.28,7.59,7.1,7.54,3047710,
30/7/2014,7.65,7.66,7.26,7.26,1803280,
29/7/2014,7.59,7.67,7.55,7.65,1088110,
28/7/2014,7.76,7.81,7.46,7.59,1890990,
27/7/2014,7.61,7.81,7.56,7.75,1806430,
26/7/2014,7.58,7.7,7.52,7.6,1317700,
25/7/2014,7.78,7.99,7.48,7.55,3168960,
24/7/2014,8.47,8.5,7.79,7.79,3899860,
23/7/2014,8.57,8.61,8.45,8.46,1221280,
22/7/2014,8.59,9.29,8.56,8.57,910432,
21/7/2014,8.46,8.62,8.36,8.59,1553560,
20/7/2014,8.61,8.65,8.41,8.46,1790490,
19/7/2014,8.72,8.74,8.61,8.61,1577680,
18/7/2014,8.66,8.8,8.57,8.72,2515210,
17/7/2014,8.33,8.69,8.28,8.66,2659970,
16/7/2014,8.56,8.56,8.29,8.32,3440990,
15/7/2014,8.62,8.73,8.54,8.56,1729530,
14/7/2014,8.9,8.9,8.49,8.62,4107330,
13/7/2014,8.61,9.11,8.57,8.9,5485690,
12/7/2014,7.86,8.73,7.84,8.62,5976190,
11/7/2014,7.8,7.96,7.79,7.85,1996570,
10/7/2014,7.78,7.84,7.66,7.79,1988790,
9/7/2014,7.77,7.99,7.73,7.79,2978550,
8/7/2014,7.58,7.8,7.58,7.73,2798300,
7/7/2014,7.1,7.61,6.97,7.56,5011390,
6/7/2014,7.3,7.37,6.85,7.11,2569530,
5/7/2014,7.32,7.39,6.76,7.28,5330180,
4/7/2014,8.03,8.04,7.31,7.34,3545090,
3/7/2014,8.07,8.17,7.95,8.03,2917800,
2/7/2014,7.98,8.47,7.69,8.16,7882050,
1/7/2014,8.96,9.03,7.79,7.79,6485840,
30/6/2014,8.97,9.1,8.79,8.95,4287560,
29/6/2014,9.2,9.27,8.89,8.96,2181070,
28/6/2014,9.27,9.28,9.17,9.19,1466260,
27/6/2014,9.09,9.29,9.09,9.25,1574680,
26/6/2014,9.2,9.26,9.01,9.09,2457120,
25/6/2014,9.61,9.66,9.19,9.19,2061300,
24/6/2014,9.73,9.78,9.62,9.63,1449760,
23/6/2014,9.77,10.93,9.66,9.72,1306090,
22/6/2014,9.85,9.92,9.74,9.77,1382550,
21/6/2014,9.84,9.87,9.67,9.83,1201330,
20/6/2014,10,10.01,9.8,9.83,1862810,
19/6/2014,9.68,10.16,9.6,9.99,3395730,
18/6/2014,9.67,9.73,9.58,9.68,1703900,
17/6/2014,9.68,9.77,9.52,9.66,2214920,
16/6/2014,9.96,10.05,9.68,9.71,2633400,
15/6/2014,9.87,9.95,9.53,9.94,2788040,
14/6/2014,10.26,10.3,9.67,9.93,3232610,
13/6/2014,10.16,10.47,10.08,10.25,2338830,
12/6/2014,10.93,10.97,9.98,10.17,4748730,
11/6/2014,11.1,11.17,10.94,10.94,2064260,
10/6/2014,11.21,11.25,11.09,11.11,2752500,
9/6/2014,11.27,11.29,11.11,11.18,1784790,
8/6/2014,11.11,11.29,11.09,11.27,1880630,
7/6/2014,11.2,11.2,10.98,11.11,1878190,
6/6/2014,11.3,11.36,11.17,11.2,2062460,
5/6/2014,11.04,11.32,11.01,11.29,4103560,
4/6/2014,11.47,11.51,10.93,11.06,4085750,
3/6/2014,11.36,11.54,11.33,11.48,3646880,
2/6/2014,11.15,11.73,11.12,11.36,6097460,
1/6/2014,10.93,11.56,10.89,11.14,7308220,
31/5/2014,11.26,11.3,10.81,10.93,4417180,
30/5/2014,10.78,11.37,10.69,11.25,6192970,
29/5/2014,11.01,11.05,10.78,10.78,2006930,
28/5/2014,11.16,11.21,10.91,11.03,3167200,
27/5/2014,11.55,11.61,11.07,11.15,4409430,
26/5/2014,11.58,11.75,11.46,11.56,4063340,
25/5/2014,11.12,11.8,11.12,11.53,9072890,
24/5/2014,11.21,11.21,10.99,11.1,2574380,
23/5/2014,10.65,11.79,10.65,11.23,9134640,
22/5/2014,10.58,10.77,10.48,10.67,5186880,
21/5/2014,10.6,10.74,10.53,10.59,2653860,
20/5/2014,10.3,10.79,10.29,10.63,4912980,
19/5/2014,10.34,10.38,10.27,10.3,1194390,
18/5/2014,10.35,10.45,10.28,10.36,908962,
17/5/2014,10.44,10.46,10.34,10.35,1086520,
16/5/2014,10.48,10.5,10.39,10.41,1458420,
15/5/2014,10.43,10.59,10.41,10.45,1692880,
14/5/2014,10.41,10.49,10.39,10.43,1343860,
13/5/2014,10.42,10.46,10.36,10.42,1754030,
12/5/2014,10.34,10.47,10.31,10.41,1422620,
11/5/2014,10.72,10.76,10.3,10.36,2521270,
10/5/2014,10.76,10.87,10.66,10.73,1993440,
9/5/2014,10.42,10.84,10.42,10.75,2586370,
8/5/2014,10.51,10.78,10.44,10.45,2346290,
7/5/2014,10.34,11.01,10.24,10.51,3668840,
6/5/2014,10.21,10.55,9.84,10.33,4018180,
5/5/2014,10.31,10.38,10.15,10.18,1638510,
4/5/2014,10.3,10.37,10.2,10.32,1260130,
3/5/2014,10.52,10.55,10.1,10.31,2928390,
2/5/2014,11.13,11.13,10.43,10.5,3393190,
1/5/2014,10.93,11.38,10.9,11.1,4444330,
30/4/2014,10.4,11.12,10.31,10.9,7592450,
29/4/2014,10.12,10.47,9.98,10.4,3346380,
28/4/2014,9.79,10.33,9.71,10.13,3537560,
27/4/2014,10.56,10.65,9.88,9.92,3349260,
26/4/2014,10.81,10.85,10.39,10.57,3156250,
25/4/2014,12.54,12.55,10.47,10.79,13003700,
24/4/2014,12.14,12.63,11.85,12.55,4714780,
23/4/2014,12.04,12.21,11.98,12.13,2381190,
22/4/2014,12.5,12.61,12.05,12.07,2969980,
21/4/2014,12.56,12.93,12.35,12.5,3872040,
20/4/2014,12.86,13.12,12.43,12.62,6195390,
19/4/2014,12.05,12.89,11.64,12.82,6728010,
18/4/2014,12.46,12.64,11.68,12.06,8631860,
17/4/2014,13.42,13.74,12.22,12.52,10919300,
16/4/2014,13.3,14.22,12.69,13.37,17352400,
15/4/2014,11.46,13.44,11.31,13.25,15088900,
14/4/2014,10.39,11.69,10.01,11.52,11481300,
13/4/2014,10.66,10.96,9.68,10.31,6250360,
12/4/2014,10.9,11.56,10.59,10.66,7740060,
11/4/2014,8.42,11.37,8.18,10.95,18745900,
10/4/2014,11.19,11.28,8.13,8.46,15032300,
9/4/2014,11.38,11.51,11.15,11.19,2084940,
8/4/2014,11.21,11.65,11.11,11.36,3435810,
7/4/2014,11.66,11.93,11.26,11.26,3903230,
6/4/2014,11.18,11.9,11.09,11.64,5093420,
5/4/2014,11,11.24,10.86,11.2,3023900,
4/4/2014,11.07,11.39,10.72,11.02,5857970,
3/4/2014,11.26,11.26,10.29,11.05,10985500,
2/4/2014,13.09,13.37,10.94,11.29,14966900,
1/4/2014,12.77,13.67,12.76,13.13,7346120,
31/3/2014,13.15,13.62,12.59,12.75,7248790,
30/3/2014,13.45,13.55,12.64,13.14,10933600,
29/3/2014,13.91,13.95,13.45,13.45,3442020,
28/3/2014,12.66,14.73,12.39,13.74,20549800,
27/3/2014,16.28,16.28,12.48,12.48,25956800,
26/3/2014,16.29,16.81,16.14,16.27,7946950,
25/3/2014,16.23,16.39,15.82,16.3,6448800,
24/3/2014,15.3,16.19,14.88,16.19,8181220,
23/3/2014,15.71,15.75,15.32,15.36,2493740,
22/3/2014,15.64,15.84,15.23,15.71,6305450,
21/3/2014,16.4,17.07,14.95,15.7,18958100,
20/3/2014,17.17,17.17,15.76,16.47,15946500,
19/3/2014,19.45,20.98,17.23,17.24,35045000,
18/3/2014,17.29,19.83,17.11,19.42,28101700,
17/3/2014,17.35,17.51,17.07,17.31,6764140,
16/3/2014,16.89,17.5,16.86,17.35,5627180,
15/3/2014,16.6,17,16.56,16.9,3080560,
14/3/2014,17,17.06,16.48,16.59,4006980,
13/3/2014,17.16,17.19,16.89,17.02,4116820,
12/3/2014,16.1,17.24,16.1,17.18,12417500,
11/3/2014,16.01,16.23,15.85,16.14,3714800,
10/3/2014,15.98,16.52,15.77,16.01,5340680,
9/3/2014,15.41,16.37,15.17,16,6666580,
8/3/2014,15.86,16.1,15.16,15.41,5923750,
7/3/2014,16.48,16.59,15.6,15.85,6222120,
6/3/2014,16.38,16.91,16.09,16.46,8044810,
5/3/2014,16.99,17.29,15.7,16.34,11390300,
4/3/2014,14.29,18.55,14.15,17.07,47109100,
3/3/2014,12.78,14.46,12.23,14.27,17573800,
2/3/2014,13.66,13.71,12.72,12.74,3812480,
1/3/2014,13.23,13.82,13.04,13.65,3267220,
28/2/2014,14.29,14.29,13.07,13.23,6549690,
27/2/2014,14.26,14.54,13.89,14.29,3859700,
26/2/2014,13.8,14.9,13.69,14.23,11189500,
25/2/2014,14.5,14.5,11.41,13.82,23785700,
24/2/2014,15.42,15.46,14.31,14.55,7749270,
23/2/2014,14.98,16.16,14.78,15.49,8169300,
22/2/2014,13.92,15.22,13.67,14.94,6373580,
21/2/2014,13.98,14.36,13.18,13.89,7258070,
20/2/2014,15.7,15.8,13.92,13.98,9196220,
19/2/2014,15.56,15.84,15.49,15.73,2741110,
18/2/2014,15.47,15.94,15.38,15.62,2986580,
17/2/2014,15.14,16.26,15.02,15.49,5834890,
16/2/2014,16.09,16.55,14.53,15.2,7650140,
15/2/2014,16.45,16.5,15.76,16.17,3971300,
14/2/2014,15.37,17.05,13.31,16.41,24859900,
13/2/2014,16.93,17.12,15.26,15.29,10353300,
12/2/2014,17.41,17.47,16.75,16.95,5629570,
11/2/2014,17.76,18.69,16.77,17.46,16089200,
10/2/2014,18.3,18.69,14.13,17.73,27097100,
9/2/2014,18.02,18.83,17.53,18.22,5744230,
8/2/2014,18.53,18.98,17.8,18.08,6965790,
7/2/2014,19.9,19.9,17.7,18.54,16757700,
6/2/2014,20.86,20.89,19.82,19.91,7828450,
5/2/2014,21.53,21.79,20.78,20.78,4936760,
4/2/2014,21.9,21.97,21.35,21.46,4879620,
3/2/2014,22.37,22.52,21.6,21.91,3524210,
2/2/2014,22.5,23.01,22.17,22.4,3546110,
1/2/2014,22.1,23.38,22.08,22.47,6694190,
31/1/2014,21.65,22.13,21.49,22.13,2952510,
30/1/2014,21.91,22.09,21.01,21.69,8373710,
29/1/2014,21.42,22.34,21.42,21.92,6053630,
28/1/2014,20.12,22.68,20.05,21.55,15500400,
27/1/2014,24.13,24.55,19.66,20.02,16380200,
26/1/2014,23.2,25.08,22.54,24.12,12199200,
25/1/2014,20.7,23.65,20.39,23.08,11953200,
24/1/2014,22.3,22.3,19.56,20.72,24376400,
23/1/2014,23.65,23.96,22.24,22.38,9875320,
22/1/2014,24.85,24.89,23.16,23.65,10957200,
21/1/2014,25.2,25.58,24.66,24.73,4743190,
20/1/2014,25.43,25.74,24.9,25.2,6186070,
19/1/2014,24.56,25.44,24.09,25.44,6974650,
18/1/2014,23.81,24.55,23.75,24.55,5190400,
17/1/2014,24.4,24.58,23.19,23.71,10610700,
16/1/2014,25.27,25.54,24.41,24.46,7030480,
15/1/2014,24.1,25.78,23.99,25.22,12136300,
14/1/2014,24.28,24.74,23.78,24.1,7753650,
13/1/2014,25.13,25.13,23.51,24.27,16726300,
12/1/2014,27.05,27.42,24.56,25.09,20433500,
11/1/2014,24.99,27.34,24.75,26.79,24313000,
10/1/2014,24.45,25.11,23.63,24.93,9761000,
9/1/2014,24.49,25.23,23.16,24.43,20669400,
8/1/2014,22.84,25.53,21.81,24.39,45716500,
7/1/2014,29.24,30.49,23.25,23.25,44133600,
6/1/2014,26.91,32.06,26.52,29.22,55258000,
5/1/2014,25.04,28,24.8,26.83,29995000,
4/1/2014,24.81,25.61,24.18,25.11,12141900,
3/1/2014,25.67,25.93,23.99,24.82,21122000,
2/1/2014,24.7,26.59,24.28,25.76,24848700,
1/1/2014,24.35,25.01,24.31,24.62,8092540,
31/12/2013,24.51,24.6,23.71,24.35,7446870,
30/12/2013,23.89,24.95,23.74,24.38,12439600,
29/12/2013,22.56,24.39,22.2,24.07,11384200,
28/12/2013,23.19,23.22,21.93,22.56,11003700,
27/12/2013,24.81,25.27,22.26,23.27,31112200,
26/12/2013,21.65,25.42,21.65,24.76,0,
25/12/2013,17.65,21.15,17.09,21.15,0,
24/12/2013,17.81,18.11,17.09,17.64,0,
23/12/2013,16.74,18.04,16.69,17.89,0,
22/12/2013,16.6,18.23,16.19,16.86,0,
21/12/2013,17.31,18.97,16.05,16.73,0,
20/12/2013,19.85,21.95,16.88,17.57,0,
19/12/2013,13.43,20.11,13.43,19.91,0,
18/12/2013,21.85,21.9,9.63,13.39,0,
17/12/2013,24.43,26.12,19.79,21.97,0,
16/12/2013,31.39,31.6,23.76,24.64,0,
15/12/2013,30.46,31.71,28.21,31.28,0,
14/12/2013,31.45,31.83,29.82,30.38,0,
13/12/2013,31.65,33.73,29.9,31.2,0,
12/12/2013,31.23,32.44,29.84,31.59,0,
11/12/2013,36.29,37.17,28.95,30.98,0,
10/12/2013,31.5,36.69,31.5,36.29,0,
9/12/2013,27.21,33.02,26.45,31.57,0,
8/12/2013,23.18,27.48,21.2,27.27,0,
7/12/2013,29.74,30.74,20.8,23.29,0,
6/12/2013,37.46,37.64,29.06,29.84,0,
5/12/2013,44.53,44.53,31.14,37.75,0,
4/12/2013,39.32,45.73,37.9,44.73,0,
3/12/2013,33.35,39.79,31.12,39.79,0,
2/12/2013,34.47,35.82,27.25,33.18,0,
1/12/2013,40.57,42.03,27.86,34.74,0,
30/11/2013,36.94,43.78,35.01,40.47,0,
29/11/2013,44.37,47.94,28.61,37.74,0,
28/11/2013,38.99,53.15,36.86,43.39,0,
27/11/2013,19.91,39.04,19.04,39.04,0,
26/11/2013,12.38,20.35,11.81,20.35,0,
25/11/2013,10.32,12.36,10.21,12.27,0,
24/11/2013,10.59,10.81,9.5,10.41,0,
23/11/2013,10.12,11.08,10.05,10.61,0,
22/11/2013,9.36,10.35,8.81,10.13,0,
21/11/2013,8.01,9.51,7.79,9.35,0,
20/11/2013,7.96,8.21,6,7.98,0,
19/11/2013,9.42,10.27,6.66,8.03,0,
18/11/2013,4.13,9.89,3.74,9.37,0,
17/11/2013,4.33,4.4,4.09,4.09,0,
16/11/2013,4.19,4.42,4.18,4.3,0,
15/11/2013,4.27,4.42,4.07,4.21,0,
14/11/2013,4.11,4.39,4.07,4.29,0,
13/11/2013,4.02,4.3,3.96,4.11,0,
12/11/2013,4.01,4.09,3.89,3.98,0,
11/11/2013,3.91,4.1,3.7,4,0,
10/11/2013,4.34,4.34,3.25,3.93,0,
9/11/2013,4.61,4.65,3.8,4.22,0,
8/11/2013,4.38,4.8,4.35,4.61,0,
7/11/2013,3.36,4.55,3.35,4.39,0,
6/11/2013,3.04,3.51,3,3.39,0,
5/11/2013,3.08,3.14,2.87,3.04,0,
4/11/2013,2.9,3.17,2.77,3.08,0,
3/11/2013,2.72,3.32,2.48,2.88,0,
2/11/2013,2.46,2.75,2.37,2.7,0,
1/11/2013,2.34,2.48,2.33,2.45,0,
31/10/2013,2.28,2.38,2.21,2.36,0,
30/10/2013,2.13,2.31,2.11,2.29,0,
29/10/2013,2.17,2.22,2.12,2.13,0,
28/10/2013,2.13,2.23,2.11,2.18,0,
27/10/2013,2.2,2.27,2.09,2.13,0,
26/10/2013,2.16,2.3,2.15,2.21,0,
25/10/2013,2.29,2.65,2.12,2.18,0,
24/10/2013,2.06,2.39,1.95,2.27,0,
23/10/2013,1.7,2.37,1.69,2.05,0,
22/10/2013,1.82,1.84,1.64,1.7,0,
21/10/2013,1.93,1.95,1.78,1.82,0,
20/10/2013,1.87,1.96,1.87,1.93,0,
19/10/2013,1.91,2,1.82,1.88,0,
18/10/2013,1.92,1.94,1.88,1.9,0,
17/10/2013,1.92,1.96,1.88,1.91,0,
16/10/2013,1.97,2.04,1.85,1.92,0,
15/10/2013,2.06,2.08,1.9,1.96,0,
14/10/2013,2.15,2.17,2.03,2.05,0,
13/10/2013,2.12,2.19,2.1,2.13,0,
12/10/2013,2.07,2.14,2.06,2.12,0,
11/10/2013,2.03,2.22,1.91,2.07,0,
10/10/2013,1.93,2.38,1.85,2.03,0,
9/10/2013,1.98,2,1.86,1.92,0,
8/10/2013,2.1,2.11,1.89,1.98,0,
7/10/2013,2.17,2.2,2.08,2.1,0,
6/10/2013,2.13,2.2,2.12,2.17,0,
5/10/2013,2.19,2.22,2.12,2.15,0,
4/10/2013,2.18,2.26,2.18,2.2,0,
3/10/2013,1.98,2.18,1.92,2.17,0,
2/10/2013,2.42,2.47,1.62,1.97,0,
1/10/2013,2.34,2.51,2.33,2.42,0,
30/9/2013,2.3,2.45,2.23,2.35,0,
29/9/2013,2.27,2.4,2.25,2.3,0,
28/9/2013,2.39,2.4,2.23,2.25,0,
27/9/2013,2.4,2.49,2.36,2.4,0,
26/9/2013,2.37,2.53,2.37,2.39,0,
25/9/2013,2.47,2.51,2.37,2.37,0,
24/9/2013,2.47,2.5,2.42,2.47,0,
23/9/2013,2.53,2.63,2.46,2.47,0,
22/9/2013,2.53,2.64,2.49,2.53,0,
21/9/2013,2.48,2.57,2.47,2.51,0,
20/9/2013,2.61,2.72,2.46,2.48,0,
19/9/2013,2.55,2.63,2.55,2.62,0,
18/9/2013,2.6,2.63,2.54,2.56,0,
17/9/2013,2.63,2.65,2.48,2.6,0,
16/9/2013,2.65,2.68,2.6,2.63,0,
15/9/2013,2.59,2.72,2.55,2.64,0,
14/9/2013,2.66,2.68,2.52,2.54,0,
13/9/2013,2.69,2.74,2.6,2.67,0,
12/9/2013,2.75,2.75,2.66,2.7,0,
11/9/2013,2.64,2.81,2.61,2.72,0,
10/9/2013,2.73,2.73,2.62,2.64,0,
9/9/2013,2.73,2.76,2.65,2.73,0,
8/9/2013,2.7,2.77,2.67,2.73,0,
7/9/2013,2.68,2.76,2.67,2.71,0,
6/9/2013,2.78,2.84,2.65,2.69,0,
5/9/2013,2.82,2.95,2.71,2.75,0,
4/9/2013,2.6,3.19,2.6,2.81,0,
3/9/2013,2.55,2.62,2.49,2.6,0,
2/9/2013,2.57,2.74,2.54,2.56,0,
1/9/2013,2.59,2.76,2.54,2.58,0,
31/8/2013,2.66,2.69,2.55,2.58,0,
30/8/2013,2.54,2.73,2.51,2.66,0,
29/8/2013,2.54,2.58,2.52,2.55,0,
28/8/2013,2.58,2.6,2.51,2.52,0,
27/8/2013,2.57,2.65,2.49,2.57,0,
26/8/2013,2.58,2.65,2.56,2.57,0,
25/8/2013,2.68,2.71,2.52,2.59,0,
24/8/2013,2.74,2.78,2.67,2.69,0,
23/8/2013,2.78,2.88,2.67,2.72,0,
22/8/2013,2.69,2.78,2.59,2.75,0,
21/8/2013,2.77,2.84,2.59,2.7,0,
20/8/2013,2.82,2.88,2.76,2.78,0,
19/8/2013,2.8,2.89,2.74,2.82,0,
18/8/2013,2.8,2.86,2.77,2.8,0,
17/8/2013,2.72,2.84,2.69,2.82,0,
16/8/2013,2.76,2.79,2.7,2.72,0,
15/8/2013,2.74,2.83,2.69,2.76,0,
14/8/2013,2.76,2.83,2.69,2.73,0,
13/8/2013,2.66,2.76,2.62,2.74,0,
12/8/2013,2.69,2.72,2.58,2.65,0,
11/8/2013,2.55,2.72,2.53,2.69,0,
10/8/2013,2.69,2.71,2.56,2.56,0,
9/8/2013,2.71,2.76,2.66,2.68,0,
8/8/2013,2.75,2.81,2.67,2.7,0,
7/8/2013,2.82,2.82,2.7,2.76,0,
6/8/2013,2.84,2.9,2.79,2.82,0,
5/8/2013,3,3.03,2.82,2.83,0,
4/8/2013,3.01,3.05,2.94,3.01,0,
3/8/2013,2.84,3.12,2.81,2.96,0,
2/8/2013,2.94,2.97,2.82,2.84,0,
1/8/2013,2.87,3.01,2.85,2.91,0,
31/7/2013,3,3.03,2.84,2.87,0,
30/7/2013,2.97,3,2.88,2.99,0,
29/7/2013,2.94,3.04,2.94,2.96,0,
28/7/2013,2.88,3.03,2.84,2.98,0,
27/7/2013,2.9,2.94,2.84,2.88,0,
26/7/2013,2.98,2.99,2.83,2.9,0,
25/7/2013,2.95,3.02,2.92,2.97,0,
24/7/2013,2.99,2.99,2.88,2.94,0,
23/7/2013,2.89,3.01,2.88,2.99,0,
22/7/2013,2.95,2.95,2.86,2.89,0,
21/7/2013,2.87,2.95,2.81,2.92,0,
20/7/2013,2.96,3.01,2.86,2.86,0,
19/7/2013,2.88,3.05,2.8,2.96,0,
18/7/2013,3.15,3.15,2.76,2.89,0,
17/7/2013,3.08,3.17,3.06,3.15,0,
16/7/2013,3,3.18,2.95,3.1,0,
15/7/2013,2.87,3.06,2.85,2.98,0,
14/7/2013,2.93,2.97,2.78,2.91,0,
13/7/2013,2.81,2.91,2.67,2.9,0,
12/7/2013,2.72,2.91,2.7,2.79,0,
11/7/2013,2.84,2.87,2.64,2.73,0,
10/7/2013,2.61,2.81,2.58,2.81,0,
9/7/2013,2.58,2.65,2.48,2.61,0,
8/7/2013,2.71,2.74,2.49,2.61,0,
7/7/2013,2.46,2.66,2.38,2.66,0,
6/7/2013,2.42,2.62,2.37,2.52,0,
5/7/2013,2.71,2.72,2.33,2.43,0,
4/7/2013,2.68,2.78,2.49,2.73,0,
3/7/2013,2.85,3.03,2.61,2.62,0,
2/7/2013,2.95,3.03,2.81,2.83,0,
1/7/2013,3.01,3.3,2.88,2.95,0,
30/6/2013,2.79,3,2.77,2.98,0,
29/6/2013,2.76,2.93,2.7,2.79,0,
28/6/2013,3.04,3.04,2.67,2.75,0,
27/6/2013,2.88,3.03,2.84,3.02,0,
26/6/2013,2.81,2.95,2.75,2.86,0,
25/6/2013,2.85,2.91,2.77,2.82,0,
24/6/2013,3.13,3.15,2.71,2.87,0,
23/6/2013,2.9,3.34,2.9,3.12,0,
22/6/2013,2.86,3.58,2.66,2.92,0,
21/6/2013,2.33,2.87,2.27,2.87,0,
20/6/2013,2.3,2.4,2.27,2.29,0,
19/6/2013,2.3,2.34,2.25,2.3,0,
18/6/2013,2.28,2.37,2.19,2.31,0,
17/6/2013,2.14,2.29,2.09,2.28,0,
16/6/2013,2.09,2.15,2.02,2.13,0,
15/6/2013,2.14,2.21,2.05,2.11,0,
14/6/2013,2.27,2.29,2.09,2.13,0,
13/6/2013,2.4,2.49,2.23,2.27,0,
12/6/2013,2.41,2.45,2.31,2.38,0,
11/6/2013,2.49,2.5,2.18,2.4,0,
10/6/2013,2.38,2.58,2.26,2.49,0,
9/6/2013,2.55,2.59,2.07,2.38,0,
8/6/2013,2.6,2.66,2.54,2.56,0,
7/6/2013,2.78,2.79,2.51,2.6,0,
6/6/2013,2.88,2.91,2.74,2.75,0,
5/6/2013,2.87,2.99,2.81,2.86,0,
4/6/2013,2.7,2.9,2.7,2.87,0,
3/6/2013,2.73,2.75,2.61,2.73,0,
2/6/2013,2.83,2.86,2.56,2.73,0,
1/6/2013,2.94,2.97,2.8,2.83,0,
31/5/2013,2.97,2.99,2.69,2.96,0,
30/5/2013,3.08,3.09,2.88,2.97,0,
29/5/2013,3.09,3.12,3.02,3.1,0,
28/5/2013,3.1,3.13,3.02,3.09,0,
27/5/2013,3.23,3.26,3.02,3.1,0,
26/5/2013,3.12,3.33,3.09,3.25,0,
25/5/2013,3.19,3.2,3.05,3.12,0,
24/5/2013,3.17,3.19,3.04,3.18,0,
23/5/2013,3.12,3.19,3.09,3.18,0,
22/5/2013,3.09,3.14,3.03,3.12,0,
21/5/2013,3.19,3.22,3.04,3.09,0,
20/5/2013,3.31,3.32,3.15,3.18,0,
19/5/2013,3.3,3.41,3.19,3.3,0,
18/5/2013,3.2,3.36,3.13,3.29,0,
17/5/2013,2.89,3.34,2.87,3.19,0,
16/5/2013,2.93,2.97,2.69,2.92,0,
15/5/2013,2.82,3.04,2.64,2.94,0,
14/5/2013,3.28,3.33,2.78,2.82,0,
13/5/2013,3.26,3.37,3.2,3.28,0,
12/5/2013,3.36,3.42,3.22,3.27,0,
11/5/2013,3.46,3.48,3.3,3.35,0,
10/5/2013,3.41,3.63,3.37,3.44,0,
9/5/2013,3.4,3.44,3.29,3.42,0,
8/5/2013,3.28,3.49,3.28,3.41,0,
7/5/2013,3.37,3.41,2.94,3.33,0,
6/5/2013,3.59,3.78,3.12,3.37,0,
5/5/2013,3.49,3.69,3.35,3.59,0,
4/5/2013,3.03,3.64,2.9,3.48,0,
3/5/2013,3.39,3.45,2.4,3.04,0,
2/5/2013,3.78,4.04,3.01,3.37,0,
1/5/2013,4.29,4.36,3.52,3.8,0,
30/4/2013,4.4,4.57,4.17,4.3,0,
29/4/2013,4.37,4.57,4.23,4.38,0,
28/4/2013,4.3,4.4,4.18,4.35,0,